-- Gravity Optimizer Real Network Data Migration V2
-- Generated from Flow Monitoring Service data with channel connections
-- Date: 2025-08-14T08:32:09.395371

BEGIN;

-- Clear existing test data
TRUNCATE gravity.hydraulic_nodes CASCADE;
TRUNCATE gravity.channels CASCADE;
TRUNCATE gravity.channel_sections CASCADE;
TRUNCATE gravity.gates CASCADE;
TRUNCATE gravity.zones CASCADE;

-- Insert hydraulic nodes
INSERT INTO gravity.hydraulic_nodes (node_id, name, elevation, location, water_demand, priority) VALUES ('source', 'Main Reservoir', 221.00, ST_SetSRID(ST_MakePoint(101.0, 14.0), 4326), 0.0000, 1);
INSERT INTO gravity.hydraulic_nodes (node_id, name, elevation, location, water_demand, priority) VALUES ('M(0,0)', 'Outlet Gate M(0,0)', 218.00, ST_SetSRID(ST_MakePoint(101.0, 14.01), 4326), 0.0000, 2);
INSERT INTO gravity.hydraulic_nodes (node_id, name, elevation, location, water_demand, priority) VALUES ('M(0,1)', 'LMC Gate M(0,1)', 217.90, ST_SetSRID(ST_MakePoint(101.0, 14.0), 4326), 0.0000, 1);
INSERT INTO gravity.hydraulic_nodes (node_id, name, elevation, location, water_demand, priority) VALUES ('M(0,2)', 'LMC Gate M(0,2)', 217.90, ST_SetSRID(ST_MakePoint(101.0, 14.01), 4326), 0.0938, 2);
INSERT INTO gravity.hydraulic_nodes (node_id, name, elevation, location, water_demand, priority) VALUES ('M(0,3)', 'LMC Gate M(0,3)', 217.80, ST_SetSRID(ST_MakePoint(101.0, 14.01), 4326), 0.0665, 2);
INSERT INTO gravity.hydraulic_nodes (node_id, name, elevation, location, water_demand, priority) VALUES ('M(0,4)', 'LMC Gate M(0,4)', 216.00, ST_SetSRID(ST_MakePoint(101.0, 14.01), 4326), 0.1715, 2);
INSERT INTO gravity.hydraulic_nodes (node_id, name, elevation, location, water_demand, priority) VALUES ('M(0,5)', 'LMC Gate M(0,5)', 217.00, ST_SetSRID(ST_MakePoint(101.0, 14.02), 4326), 0.2273, 3);
INSERT INTO gravity.hydraulic_nodes (node_id, name, elevation, location, water_demand, priority) VALUES ('M(0,6)', 'LMC Gate M(0,6)', 216.00, ST_SetSRID(ST_MakePoint(101.0, 14.02), 4326), 0.1665, 3);
INSERT INTO gravity.hydraulic_nodes (node_id, name, elevation, location, water_demand, priority) VALUES ('M(0,7)', 'LMC Gate M(0,7)', 216.00, ST_SetSRID(ST_MakePoint(101.0, 14.02), 4326), 0.0668, 3);
INSERT INTO gravity.hydraulic_nodes (node_id, name, elevation, location, water_demand, priority) VALUES ('M(0,8)', 'LMC Gate M(0,8)', 216.00, ST_SetSRID(ST_MakePoint(101.0, 14.02), 4326), 0.1383, 3);
INSERT INTO gravity.hydraulic_nodes (node_id, name, elevation, location, water_demand, priority) VALUES ('M(0,9)', 'LMC Gate M(0,9)', 216.00, ST_SetSRID(ST_MakePoint(101.0, 14.02), 4326), 0.1473, 3);
INSERT INTO gravity.hydraulic_nodes (node_id, name, elevation, location, water_demand, priority) VALUES ('M(0,10)', 'LMC Gate M(0,10)', 216.00, ST_SetSRID(ST_MakePoint(101.0, 14.02), 4326), 0.2518, 3);
INSERT INTO gravity.hydraulic_nodes (node_id, name, elevation, location, water_demand, priority) VALUES ('M(0,11)', 'LMC Gate M(0,11)', 216.00, ST_SetSRID(ST_MakePoint(101.0, 14.02), 4326), 0.0433, 3);
INSERT INTO gravity.hydraulic_nodes (node_id, name, elevation, location, water_demand, priority) VALUES ('M(0,12)', 'LMC Gate M(0,12)', 215.00, ST_SetSRID(ST_MakePoint(101.0, 14.02), 4326), 0.0063, 3);
INSERT INTO gravity.hydraulic_nodes (node_id, name, elevation, location, water_demand, priority) VALUES ('M(0,13)', 'LMC Gate M(0,13)', 216.00, ST_SetSRID(ST_MakePoint(101.0, 14.02), 4326), 0.0100, 3);
INSERT INTO gravity.hydraulic_nodes (node_id, name, elevation, location, water_demand, priority) VALUES ('M(0,14)', 'LMC Gate M(0,14)', 214.50, ST_SetSRID(ST_MakePoint(101.0, 14.02), 4326), 0.0000, 3);
INSERT INTO gravity.hydraulic_nodes (node_id, name, elevation, location, water_demand, priority) VALUES ('M(0,0; 1,0)', 'Waste Way Gate M(0,0; 1,0)', 216.00, ST_SetSRID(ST_MakePoint(101.0, 14.01), 4326), 0.0000, 2);
INSERT INTO gravity.hydraulic_nodes (node_id, name, elevation, location, water_demand, priority) VALUES ('M (0,1; 1,0)', 'RMC Gate M (0,1; 1,0)', 216.00, ST_SetSRID(ST_MakePoint(101.0, 14.06), 4326), 0.0000, 5);
INSERT INTO gravity.hydraulic_nodes (node_id, name, elevation, location, water_demand, priority) VALUES ('M (0,1; 1,1)', 'RMC Gate M (0,1; 1,1)', 216.00, ST_SetSRID(ST_MakePoint(101.0, 14.06), 4326), 0.0000, 5);
INSERT INTO gravity.hydraulic_nodes (node_id, name, elevation, location, water_demand, priority) VALUES ('M (0,1; 1,2)', 'RMC Gate M (0,1; 1,2)', 216.00, ST_SetSRID(ST_MakePoint(101.0, 14.06), 4326), 0.0000, 5);
INSERT INTO gravity.hydraulic_nodes (node_id, name, elevation, location, water_demand, priority) VALUES ('M (0,1; 1,3)', 'RMC Gate M (0,1; 1,3)', 216.00, ST_SetSRID(ST_MakePoint(101.0, 14.06), 4326), 0.0000, 5);
INSERT INTO gravity.hydraulic_nodes (node_id, name, elevation, location, water_demand, priority) VALUES ('M (0,1; 1,4)', 'RMC Gate M (0,1; 1,4)', 216.00, ST_SetSRID(ST_MakePoint(101.0, 14.06), 4326), 0.0000, 5);
INSERT INTO gravity.hydraulic_nodes (node_id, name, elevation, location, water_demand, priority) VALUES ('M(0,1; 1,0; 1,0)', 'FTO 2+450 Gate M(0,1; 1,0; 1,0)', 216.00, ST_SetSRID(ST_MakePoint(101.0, 14.06), 4326), 0.0000, 5);
INSERT INTO gravity.hydraulic_nodes (node_id, name, elevation, location, water_demand, priority) VALUES ('M(0,1; 1,1; 1,0)', '4L-RMC Gate M(0,1; 1,1; 1,0)', 216.00, ST_SetSRID(ST_MakePoint(101.0, 14.06), 4326), 0.0000, 5);
INSERT INTO gravity.hydraulic_nodes (node_id, name, elevation, location, water_demand, priority) VALUES ('M(0,1; 1,1; 1,1)', '4L-RMC Gate M(0,1; 1,1; 1,1)', 216.00, ST_SetSRID(ST_MakePoint(101.0, 14.06), 4326), 0.0000, 5);
INSERT INTO gravity.hydraulic_nodes (node_id, name, elevation, location, water_demand, priority) VALUES ('M(0,1; 1,1; 1,2)', '4L-RMC Gate M(0,1; 1,1; 1,2)', 216.00, ST_SetSRID(ST_MakePoint(101.0, 14.06), 4326), 0.0000, 5);
INSERT INTO gravity.hydraulic_nodes (node_id, name, elevation, location, water_demand, priority) VALUES ('M(0,1; 1,1; 1,3)', '4L-RMC Gate M(0,1; 1,1; 1,3)', 216.00, ST_SetSRID(ST_MakePoint(101.0, 14.06), 4326), 0.0000, 5);
INSERT INTO gravity.hydraulic_nodes (node_id, name, elevation, location, water_demand, priority) VALUES ('M(0,1; 1,1; 1,4)', '4L-RMC Gate M(0,1; 1,1; 1,4)', 216.00, ST_SetSRID(ST_MakePoint(101.0, 14.06), 4326), 0.0000, 5);
INSERT INTO gravity.hydraulic_nodes (node_id, name, elevation, location, water_demand, priority) VALUES ('M(0,1; 1,1; 1,2; 1,0)', 'FTO337 Rai Gate M(0,1; 1,1; 1,2; 1,0)', 216.00, ST_SetSRID(ST_MakePoint(101.0, 14.06), 4326), 0.0325, 5);
INSERT INTO gravity.hydraulic_nodes (node_id, name, elevation, location, water_demand, priority) VALUES ('M (0,3; 1,0)', '9R-LMC Gate M (0,3; 1,0)', 216.00, ST_SetSRID(ST_MakePoint(101.0, 14.03), 4326), 0.2527, 4);
INSERT INTO gravity.hydraulic_nodes (node_id, name, elevation, location, water_demand, priority) VALUES ('M (0,3; 1,1)', '9R-LMC Gate M (0,3; 1,1)', 216.00, ST_SetSRID(ST_MakePoint(101.0, 14.03), 4326), 0.1300, 4);
INSERT INTO gravity.hydraulic_nodes (node_id, name, elevation, location, water_demand, priority) VALUES ('M (0,3; 1,2)', '9R-LMC Gate M (0,3; 1,2)', 216.00, ST_SetSRID(ST_MakePoint(101.0, 14.03), 4326), 0.5176, 4);
INSERT INTO gravity.hydraulic_nodes (node_id, name, elevation, location, water_demand, priority) VALUES ('M (0,3; 1,3)', '9R-LMC Gate M (0,3; 1,3)', 216.00, ST_SetSRID(ST_MakePoint(101.0, 14.03), 4326), 0.0000, 4);
INSERT INTO gravity.hydraulic_nodes (node_id, name, elevation, location, water_demand, priority) VALUES ('M (0,3; 1,1; 1,0)', '7R-9R-LMC Gate M (0,3; 1,1; 1,0)', 216.00, ST_SetSRID(ST_MakePoint(101.0, 14.03), 4326), 0.0733, 4);
INSERT INTO gravity.hydraulic_nodes (node_id, name, elevation, location, water_demand, priority) VALUES ('M (0,3; 1,1; 1,1)', '7R-9R-LMC Gate M (0,3; 1,1; 1,1)', 216.00, ST_SetSRID(ST_MakePoint(101.0, 14.03), 4326), 0.0000, 4);
INSERT INTO gravity.hydraulic_nodes (node_id, name, elevation, location, water_demand, priority) VALUES ('M (0,3; 1,1; 2,0)', '7L-9R-LMC Gate M (0,3; 1,1; 2,0)', 216.00, ST_SetSRID(ST_MakePoint(101.0, 14.03), 4326), 0.1093, 4);
INSERT INTO gravity.hydraulic_nodes (node_id, name, elevation, location, water_demand, priority) VALUES ('M (0,3; 1,1; 2,1)', '7L-9R-LMC Gate M (0,3; 1,1; 2,1)', 216.00, ST_SetSRID(ST_MakePoint(101.0, 14.03), 4326), 0.0000, 4);
INSERT INTO gravity.hydraulic_nodes (node_id, name, elevation, location, water_demand, priority) VALUES ('M (0,12; 1,0)', '38R-LMC Gate M (0,12; 1,0)', 216.00, ST_SetSRID(ST_MakePoint(101.0, 14.04), 4326), 0.0631, 5);
INSERT INTO gravity.hydraulic_nodes (node_id, name, elevation, location, water_demand, priority) VALUES ('M (0,12; 1,1)', '38R-LMC Gate M (0,12; 1,1)', 216.00, ST_SetSRID(ST_MakePoint(101.0, 14.04), 4326), 0.0485, 5);
INSERT INTO gravity.hydraulic_nodes (node_id, name, elevation, location, water_demand, priority) VALUES ('M (0,12; 1,2)', '38R-LMC Gate M (0,12; 1,2)', 216.00, ST_SetSRID(ST_MakePoint(101.0, 14.04), 4326), 0.0134, 5);
INSERT INTO gravity.hydraulic_nodes (node_id, name, elevation, location, water_demand, priority) VALUES ('M (0,12; 1,3)', '38R-LMC Gate M (0,12; 1,3)', 216.00, ST_SetSRID(ST_MakePoint(101.0, 14.05), 4326), 0.0669, 5);
INSERT INTO gravity.hydraulic_nodes (node_id, name, elevation, location, water_demand, priority) VALUES ('M (0,12; 1,4)', '38R-LMC Gate M (0,12; 1,4)', 216.00, ST_SetSRID(ST_MakePoint(101.0, 14.05), 4326), 0.0784, 5);
INSERT INTO gravity.hydraulic_nodes (node_id, name, elevation, location, water_demand, priority) VALUES ('M (0,12; 1,5)', '38R-LMC Gate M (0,12; 1,5)', 216.00, ST_SetSRID(ST_MakePoint(101.0, 14.05), 4326), 0.0000, 5);
INSERT INTO gravity.hydraulic_nodes (node_id, name, elevation, location, water_demand, priority) VALUES ('M (0,12; 1,0; 1,0)', '1R-38R-LMC Gate M (0,12; 1,0; 1,0)', 216.00, ST_SetSRID(ST_MakePoint(101.0, 14.04), 4326), 0.1839, 5);
INSERT INTO gravity.hydraulic_nodes (node_id, name, elevation, location, water_demand, priority) VALUES ('M (0,12; 1,0; 1,1)', '1R-38R-LMC Gate M (0,12; 1,0; 1,1)', 216.00, ST_SetSRID(ST_MakePoint(101.0, 14.04), 4326), 0.0000, 5);
INSERT INTO gravity.hydraulic_nodes (node_id, name, elevation, location, water_demand, priority) VALUES ('M (0,12; 1,1; 1,0)', '2R-38R-LMC Gate M (0,12; 1,1; 1,0)', 216.00, ST_SetSRID(ST_MakePoint(101.0, 14.04), 4326), 0.0070, 5);
INSERT INTO gravity.hydraulic_nodes (node_id, name, elevation, location, water_demand, priority) VALUES ('M (0,12; 1,1; 1,1)', '2R-38R-LMC Gate M (0,12; 1,1; 1,1)', 216.00, ST_SetSRID(ST_MakePoint(101.0, 14.04), 4326), 0.2049, 5);
INSERT INTO gravity.hydraulic_nodes (node_id, name, elevation, location, water_demand, priority) VALUES ('M (0,12; 1,1; 1,2)', '2R-38R-LMC Gate M (0,12; 1,1; 1,2)', 216.00, ST_SetSRID(ST_MakePoint(101.0, 14.04), 4326), 0.0000, 5);
INSERT INTO gravity.hydraulic_nodes (node_id, name, elevation, location, water_demand, priority) VALUES ('M (0,12; 1,1; 1,0; 1,0)', '1R-2R-38R-LMC Gate M (0,12; 1,1; 1,0; 1,0)', 216.00, ST_SetSRID(ST_MakePoint(101.0, 14.04), 4326), 0.1081, 5);
INSERT INTO gravity.hydraulic_nodes (node_id, name, elevation, location, water_demand, priority) VALUES ('M (0,12; 1,1; 1,0; 1,1)', '1R-2R-38R-LMC Gate M (0,12; 1,1; 1,0; 1,1)', 216.00, ST_SetSRID(ST_MakePoint(101.0, 14.04), 4326), 0.1500, 5);
INSERT INTO gravity.hydraulic_nodes (node_id, name, elevation, location, water_demand, priority) VALUES ('M (0,12; 1,1; 1,0; 1,2)', '1R-2R-38R-LMC Gate M (0,12; 1,1; 1,0; 1,2)', 216.00, ST_SetSRID(ST_MakePoint(101.0, 14.04), 4326), 0.0000, 5);
INSERT INTO gravity.hydraulic_nodes (node_id, name, elevation, location, water_demand, priority) VALUES ('M (0,12; 1,2; 1,0)', '4L-38R-LMC Gate M (0,12; 1,2; 1,0)', 216.00, ST_SetSRID(ST_MakePoint(101.0, 14.05), 4326), 0.0973, 5);
INSERT INTO gravity.hydraulic_nodes (node_id, name, elevation, location, water_demand, priority) VALUES ('M (0,12; 1,2; 1,1)', '4L-38R-LMC Gate M (0,12; 1,2; 1,1)', 216.00, ST_SetSRID(ST_MakePoint(101.0, 14.05), 4326), 0.0570, 5);
INSERT INTO gravity.hydraulic_nodes (node_id, name, elevation, location, water_demand, priority) VALUES ('M (0,12; 1,2; 1,2)', '4L-38R-LMC Gate M (0,12; 1,2; 1,2)', 216.00, ST_SetSRID(ST_MakePoint(101.0, 14.05), 4326), 0.0000, 5);
INSERT INTO gravity.hydraulic_nodes (node_id, name, elevation, location, water_demand, priority) VALUES ('M (0,12; 1,2; 1,0; 1,0)', '5R-4L-38R-LMC Gate M (0,12; 1,2; 1,0; 1,0)', 216.00, ST_SetSRID(ST_MakePoint(101.0, 14.05), 4326), 0.0662, 5);
INSERT INTO gravity.hydraulic_nodes (node_id, name, elevation, location, water_demand, priority) VALUES ('M (0,12; 1,2; 1,0; 1,1)', '5R-4L-38R-LMC Gate M (0,12; 1,2; 1,0; 1,1)', 216.00, ST_SetSRID(ST_MakePoint(101.0, 14.05), 4326), 0.0000, 5);
INSERT INTO gravity.hydraulic_nodes (node_id, name, elevation, location, water_demand, priority) VALUES ('M (0,12; 1,3; 1,0)', '6R-38R-LMC Gate M (0,12; 1,3; 1,0)', 216.00, ST_SetSRID(ST_MakePoint(101.0, 14.05), 4326), 0.1143, 5);
INSERT INTO gravity.hydraulic_nodes (node_id, name, elevation, location, water_demand, priority) VALUES ('M (0,12; 1,3; 1,1)', '6R-38R-LMC Gate M (0,12; 1,3; 1,1)', 216.00, ST_SetSRID(ST_MakePoint(101.0, 14.05), 4326), 0.0000, 5);
INSERT INTO gravity.hydraulic_nodes (node_id, name, elevation, location, water_demand, priority) VALUES ('M (0,12; 1,4; 1,0)', '8R-38R-LMC Gate M (0,12; 1,4; 1,0)', 216.00, ST_SetSRID(ST_MakePoint(101.0, 14.05), 4326), 0.1383, 5);
INSERT INTO gravity.hydraulic_nodes (node_id, name, elevation, location, water_demand, priority) VALUES ('M (0,12; 1,4; 1,1)', '8R-38R-LMC Gate M (0,12; 1,4; 1,1)', 216.00, ST_SetSRID(ST_MakePoint(101.0, 14.05), 4326), 0.0000, 5);

-- Insert channels with connections
INSERT INTO gravity.channels (channel_id, name, channel_type, upstream_gate_id, total_length, avg_bed_slope, capacity, geometry) VALUES ('CH_001', 'LMC Section M(0,1) to M(0,2)', 'main', 'M(0,1)', 1320.00, 0.000100, 8.74, ST_SetSRID(ST_MakeLine(ST_MakePoint(101.0, 14.0), ST_MakePoint(101.1, 14.1)), 4326));
INSERT INTO gravity.channel_sections (section_id, channel_id, start_elevation, end_elevation, length, bed_width, side_slope, manning_n, max_depth, section_order, geometry) VALUES ('SEC_001_01', 'CH_001', 217.90, 217.90, 1320.00, 7.37, 1.5, 0.018, 3.75, 1, ST_SetSRID(ST_MakeLine(ST_MakePoint(101.0, 14.0), ST_MakePoint(101.1, 14.1)), 4326));
INSERT INTO gravity.channels (channel_id, name, channel_type, upstream_gate_id, total_length, avg_bed_slope, capacity, geometry) VALUES ('CH_002', 'LMC Section M(0,2) to M(0,3)', 'main', 'M(0,2)', 5260.00, 0.000100, 8.74, ST_SetSRID(ST_MakeLine(ST_MakePoint(101.0, 14.0), ST_MakePoint(101.1, 14.1)), 4326));
INSERT INTO gravity.channel_sections (section_id, channel_id, start_elevation, end_elevation, length, bed_width, side_slope, manning_n, max_depth, section_order, geometry) VALUES ('SEC_002_01', 'CH_002', 217.90, 217.80, 5260.00, 7.37, 1.5, 0.018, 3.75, 1, ST_SetSRID(ST_MakeLine(ST_MakePoint(101.0, 14.0), ST_MakePoint(101.1, 14.1)), 4326));
INSERT INTO gravity.channels (channel_id, name, channel_type, upstream_gate_id, total_length, avg_bed_slope, capacity, geometry) VALUES ('CH_003', 'LMC Section M(0,3) to M(0,4)', 'main', 'M(0,3)', 2320.00, 0.000776, 8.74, ST_SetSRID(ST_MakeLine(ST_MakePoint(101.0, 14.0), ST_MakePoint(101.1, 14.1)), 4326));
INSERT INTO gravity.channel_sections (section_id, channel_id, start_elevation, end_elevation, length, bed_width, side_slope, manning_n, max_depth, section_order, geometry) VALUES ('SEC_003_01', 'CH_003', 217.80, 216.00, 2320.00, 7.37, 1.5, 0.018, 3.75, 1, ST_SetSRID(ST_MakeLine(ST_MakePoint(101.0, 14.0), ST_MakePoint(101.1, 14.1)), 4326));
INSERT INTO gravity.channels (channel_id, name, channel_type, upstream_gate_id, total_length, avg_bed_slope, capacity, geometry) VALUES ('CH_004', 'LMC Section M(0,4) to M(0,5)', 'lateral', 'M(0,4)', 2600.00, 0.000100, 5.96, ST_SetSRID(ST_MakeLine(ST_MakePoint(101.0, 14.0), ST_MakePoint(101.1, 14.1)), 4326));
INSERT INTO gravity.channel_sections (section_id, channel_id, start_elevation, end_elevation, length, bed_width, side_slope, manning_n, max_depth, section_order, geometry) VALUES ('SEC_004_01', 'CH_004', 216.00, 217.00, 2600.00, 5.98, 1.5, 0.018, 3.19, 1, ST_SetSRID(ST_MakeLine(ST_MakePoint(101.0, 14.0), ST_MakePoint(101.1, 14.1)), 4326));
INSERT INTO gravity.channels (channel_id, name, channel_type, upstream_gate_id, total_length, avg_bed_slope, capacity, geometry) VALUES ('CH_005', 'LMC Section M(0,5) to M(0,6)', 'lateral', 'M(0,5)', 5200.00, 0.000192, 5.96, ST_SetSRID(ST_MakeLine(ST_MakePoint(101.0, 14.0), ST_MakePoint(101.1, 14.1)), 4326));
INSERT INTO gravity.channel_sections (section_id, channel_id, start_elevation, end_elevation, length, bed_width, side_slope, manning_n, max_depth, section_order, geometry) VALUES ('SEC_005_01', 'CH_005', 217.00, 216.00, 5200.00, 5.98, 1.5, 0.018, 3.19, 1, ST_SetSRID(ST_MakeLine(ST_MakePoint(101.0, 14.0), ST_MakePoint(101.1, 14.1)), 4326));
INSERT INTO gravity.channels (channel_id, name, channel_type, upstream_gate_id, total_length, avg_bed_slope, capacity, geometry) VALUES ('CH_006', 'LMC Section M(0,6) to M(0,7)', 'lateral', 'M(0,6)', 4000.00, 0.000100, 5.58, ST_SetSRID(ST_MakeLine(ST_MakePoint(101.0, 14.0), ST_MakePoint(101.1, 14.1)), 4326));
INSERT INTO gravity.channel_sections (section_id, channel_id, start_elevation, end_elevation, length, bed_width, side_slope, manning_n, max_depth, section_order, geometry) VALUES ('SEC_006_01', 'CH_006', 216.00, 216.00, 4000.00, 5.79, 1.5, 0.018, 3.12, 1, ST_SetSRID(ST_MakeLine(ST_MakePoint(101.0, 14.0), ST_MakePoint(101.1, 14.1)), 4326));
INSERT INTO gravity.channels (channel_id, name, channel_type, upstream_gate_id, total_length, avg_bed_slope, capacity, geometry) VALUES ('CH_007', 'LMC Section M(0,7) to M(0,8)', 'lateral', 'M(0,7)', 2315.00, 0.000100, 5.43, ST_SetSRID(ST_MakeLine(ST_MakePoint(101.0, 14.0), ST_MakePoint(101.1, 14.1)), 4326));
INSERT INTO gravity.channel_sections (section_id, channel_id, start_elevation, end_elevation, length, bed_width, side_slope, manning_n, max_depth, section_order, geometry) VALUES ('SEC_007_01', 'CH_007', 216.00, 216.00, 2315.00, 5.71, 1.5, 0.018, 3.09, 1, ST_SetSRID(ST_MakeLine(ST_MakePoint(101.0, 14.0), ST_MakePoint(101.1, 14.1)), 4326));
INSERT INTO gravity.channels (channel_id, name, channel_type, upstream_gate_id, total_length, avg_bed_slope, capacity, geometry) VALUES ('CH_008', 'LMC Section M(0,8) to M(0,9)', 'lateral', 'M(0,8)', 2385.00, 0.000100, 5.43, ST_SetSRID(ST_MakeLine(ST_MakePoint(101.0, 14.0), ST_MakePoint(101.1, 14.1)), 4326));
INSERT INTO gravity.channel_sections (section_id, channel_id, start_elevation, end_elevation, length, bed_width, side_slope, manning_n, max_depth, section_order, geometry) VALUES ('SEC_008_01', 'CH_008', 216.00, 216.00, 2385.00, 5.71, 1.5, 0.018, 3.09, 1, ST_SetSRID(ST_MakeLine(ST_MakePoint(101.0, 14.0), ST_MakePoint(101.1, 14.1)), 4326));
INSERT INTO gravity.channels (channel_id, name, channel_type, upstream_gate_id, total_length, avg_bed_slope, capacity, geometry) VALUES ('CH_009', 'LMC Section M(0,9) to M(0,10)', 'lateral', 'M(0,9)', 2600.00, 0.000100, 5.08, ST_SetSRID(ST_MakeLine(ST_MakePoint(101.0, 14.0), ST_MakePoint(101.1, 14.1)), 4326));
INSERT INTO gravity.channel_sections (section_id, channel_id, start_elevation, end_elevation, length, bed_width, side_slope, manning_n, max_depth, section_order, geometry) VALUES ('SEC_009_01', 'CH_009', 216.00, 216.00, 2600.00, 5.54, 1.5, 0.018, 3.02, 1, ST_SetSRID(ST_MakeLine(ST_MakePoint(101.0, 14.0), ST_MakePoint(101.1, 14.1)), 4326));
INSERT INTO gravity.channels (channel_id, name, channel_type, upstream_gate_id, total_length, avg_bed_slope, capacity, geometry) VALUES ('CH_010', 'LMC Section M(0,10) to M(0,11)', 'lateral', 'M(0,10)', 7710.00, 0.000100, 4.65, ST_SetSRID(ST_MakeLine(ST_MakePoint(101.0, 14.0), ST_MakePoint(101.1, 14.1)), 4326));
INSERT INTO gravity.channel_sections (section_id, channel_id, start_elevation, end_elevation, length, bed_width, side_slope, manning_n, max_depth, section_order, geometry) VALUES ('SEC_010_01', 'CH_010', 216.00, 216.00, 7710.00, 5.32, 1.5, 0.018, 2.93, 1, ST_SetSRID(ST_MakeLine(ST_MakePoint(101.0, 14.0), ST_MakePoint(101.1, 14.1)), 4326));
INSERT INTO gravity.channels (channel_id, name, channel_type, upstream_gate_id, total_length, avg_bed_slope, capacity, geometry) VALUES ('CH_011', 'LMC Section M(0,11) to M(0,12)', 'lateral', 'M(0,11)', 1849.00, 0.000541, 4.18, ST_SetSRID(ST_MakeLine(ST_MakePoint(101.0, 14.0), ST_MakePoint(101.1, 14.1)), 4326));
INSERT INTO gravity.channel_sections (section_id, channel_id, start_elevation, end_elevation, length, bed_width, side_slope, manning_n, max_depth, section_order, geometry) VALUES ('SEC_011_01', 'CH_011', 216.00, 215.00, 1849.00, 5.09, 1.5, 0.018, 2.84, 1, ST_SetSRID(ST_MakeLine(ST_MakePoint(101.0, 14.0), ST_MakePoint(101.1, 14.1)), 4326));
INSERT INTO gravity.channels (channel_id, name, channel_type, upstream_gate_id, total_length, avg_bed_slope, capacity, geometry) VALUES ('CH_012', 'LMC Section M(0,12) to M(0,13)', 'lateral', 'M(0,12)', 241.00, 0.000100, 4.18, ST_SetSRID(ST_MakeLine(ST_MakePoint(101.0, 14.0), ST_MakePoint(101.1, 14.1)), 4326));
INSERT INTO gravity.channel_sections (section_id, channel_id, start_elevation, end_elevation, length, bed_width, side_slope, manning_n, max_depth, section_order, geometry) VALUES ('SEC_012_01', 'CH_012', 215.00, 216.00, 241.00, 5.09, 1.5, 0.018, 2.84, 1, ST_SetSRID(ST_MakeLine(ST_MakePoint(101.0, 14.0), ST_MakePoint(101.1, 14.1)), 4326));
INSERT INTO gravity.channels (channel_id, name, channel_type, upstream_gate_id, total_length, avg_bed_slope, capacity, geometry) VALUES ('CH_013', 'LMC Section M(0,13) to M(0,14)', 'sublateral', 'M(0,13)', 950.00, 0.001579, 0.18, ST_SetSRID(ST_MakeLine(ST_MakePoint(101.0, 14.0), ST_MakePoint(101.1, 14.1)), 4326));
INSERT INTO gravity.channel_sections (section_id, channel_id, start_elevation, end_elevation, length, bed_width, side_slope, manning_n, max_depth, section_order, geometry) VALUES ('SEC_013_01', 'CH_013', 216.00, 214.50, 950.00, 3.09, 1.5, 0.018, 2.04, 1, ST_SetSRID(ST_MakeLine(ST_MakePoint(101.0, 14.0), ST_MakePoint(101.1, 14.1)), 4326));
INSERT INTO gravity.channels (channel_id, name, channel_type, upstream_gate_id, total_length, avg_bed_slope, capacity, geometry) VALUES ('CH_014', 'Outlet Section M(0,0) to M(0,0; 1,0)', 'lateral', 'M(0,0)', 160.00, 0.012500, 11.20, ST_SetSRID(ST_MakeLine(ST_MakePoint(101.0, 14.0), ST_MakePoint(101.1, 14.1)), 4326));
INSERT INTO gravity.channel_sections (section_id, channel_id, start_elevation, end_elevation, length, bed_width, side_slope, manning_n, max_depth, section_order, geometry) VALUES ('SEC_014_01', 'CH_014', 218.00, 216.00, 160.00, 8.60, 1.5, 0.018, 4.24, 1, ST_SetSRID(ST_MakeLine(ST_MakePoint(101.0, 14.0), ST_MakePoint(101.1, 14.1)), 4326));
INSERT INTO gravity.channels (channel_id, name, channel_type, upstream_gate_id, total_length, avg_bed_slope, capacity, geometry) VALUES ('CH_015', 'LMC Section M(0,1) to M (0,1; 1,0)', 'sublateral', 'M(0,1)', 300.00, 0.006333, 1.38, ST_SetSRID(ST_MakeLine(ST_MakePoint(101.0, 14.0), ST_MakePoint(101.1, 14.1)), 4326));
INSERT INTO gravity.channel_sections (section_id, channel_id, start_elevation, end_elevation, length, bed_width, side_slope, manning_n, max_depth, section_order, geometry) VALUES ('SEC_015_01', 'CH_015', 217.90, 216.00, 300.00, 3.69, 1.5, 0.018, 2.27, 1, ST_SetSRID(ST_MakeLine(ST_MakePoint(101.0, 14.0), ST_MakePoint(101.1, 14.1)), 4326));
INSERT INTO gravity.channels (channel_id, name, channel_type, upstream_gate_id, total_length, avg_bed_slope, capacity, geometry) VALUES ('CH_016', 'RMC Section M (0,1; 1,0) to M (0,1; 1,1)', 'sublateral', 'M (0,1; 1,0)', 2600.00, 0.000100, 1.38, ST_SetSRID(ST_MakeLine(ST_MakePoint(101.0, 14.0), ST_MakePoint(101.1, 14.1)), 4326));
INSERT INTO gravity.channel_sections (section_id, channel_id, start_elevation, end_elevation, length, bed_width, side_slope, manning_n, max_depth, section_order, geometry) VALUES ('SEC_016_01', 'CH_016', 216.00, 216.00, 2600.00, 3.69, 1.5, 0.018, 2.27, 1, ST_SetSRID(ST_MakeLine(ST_MakePoint(101.0, 14.0), ST_MakePoint(101.1, 14.1)), 4326));
INSERT INTO gravity.channels (channel_id, name, channel_type, upstream_gate_id, total_length, avg_bed_slope, capacity, geometry) VALUES ('CH_017', 'LMC Section M(0,1) to M (0,1; 1,1)', 'sublateral', 'M(0,1)', 2300.00, 0.000826, 1.38, ST_SetSRID(ST_MakeLine(ST_MakePoint(101.0, 14.0), ST_MakePoint(101.1, 14.1)), 4326));
INSERT INTO gravity.channel_sections (section_id, channel_id, start_elevation, end_elevation, length, bed_width, side_slope, manning_n, max_depth, section_order, geometry) VALUES ('SEC_017_01', 'CH_017', 217.90, 216.00, 2300.00, 3.69, 1.5, 0.018, 2.27, 1, ST_SetSRID(ST_MakeLine(ST_MakePoint(101.0, 14.0), ST_MakePoint(101.1, 14.1)), 4326));
INSERT INTO gravity.channels (channel_id, name, channel_type, upstream_gate_id, total_length, avg_bed_slope, capacity, geometry) VALUES ('CH_018', 'RMC Section M (0,1; 1,1) to M (0,1; 1,2)', 'sublateral', 'M (0,1; 1,1)', 1920.00, 0.000100, 1.38, ST_SetSRID(ST_MakeLine(ST_MakePoint(101.0, 14.0), ST_MakePoint(101.1, 14.1)), 4326));
INSERT INTO gravity.channel_sections (section_id, channel_id, start_elevation, end_elevation, length, bed_width, side_slope, manning_n, max_depth, section_order, geometry) VALUES ('SEC_018_01', 'CH_018', 216.00, 216.00, 1920.00, 3.69, 1.5, 0.018, 2.27, 1, ST_SetSRID(ST_MakeLine(ST_MakePoint(101.0, 14.0), ST_MakePoint(101.1, 14.1)), 4326));
INSERT INTO gravity.channels (channel_id, name, channel_type, upstream_gate_id, total_length, avg_bed_slope, capacity, geometry) VALUES ('CH_019', 'LMC Section M(0,1) to M (0,1; 1,2)', 'sublateral', 'M(0,1)', 4220.00, 0.000450, 1.23, ST_SetSRID(ST_MakeLine(ST_MakePoint(101.0, 14.0), ST_MakePoint(101.1, 14.1)), 4326));
INSERT INTO gravity.channel_sections (section_id, channel_id, start_elevation, end_elevation, length, bed_width, side_slope, manning_n, max_depth, section_order, geometry) VALUES ('SEC_019_01', 'CH_019', 217.90, 216.00, 4220.00, 3.62, 1.5, 0.018, 2.25, 1, ST_SetSRID(ST_MakeLine(ST_MakePoint(101.0, 14.0), ST_MakePoint(101.1, 14.1)), 4326));
INSERT INTO gravity.channels (channel_id, name, channel_type, upstream_gate_id, total_length, avg_bed_slope, capacity, geometry) VALUES ('CH_020', 'RMC Section M (0,1; 1,2) to M (0,1; 1,3)', 'sublateral', 'M (0,1; 1,2)', 980.00, 0.000100, 1.23, ST_SetSRID(ST_MakeLine(ST_MakePoint(101.0, 14.0), ST_MakePoint(101.1, 14.1)), 4326));
INSERT INTO gravity.channel_sections (section_id, channel_id, start_elevation, end_elevation, length, bed_width, side_slope, manning_n, max_depth, section_order, geometry) VALUES ('SEC_020_01', 'CH_020', 216.00, 216.00, 980.00, 3.62, 1.5, 0.018, 2.25, 1, ST_SetSRID(ST_MakeLine(ST_MakePoint(101.0, 14.0), ST_MakePoint(101.1, 14.1)), 4326));
INSERT INTO gravity.channels (channel_id, name, channel_type, upstream_gate_id, total_length, avg_bed_slope, capacity, geometry) VALUES ('CH_021', 'LMC Section M(0,1) to M (0,1; 1,3)', 'main', 'M(0,1)', 5200.00, 0.000365, 10.00, ST_SetSRID(ST_MakeLine(ST_MakePoint(101.0, 14.0), ST_MakePoint(101.1, 14.1)), 4326));
INSERT INTO gravity.channel_sections (section_id, channel_id, start_elevation, end_elevation, length, bed_width, side_slope, manning_n, max_depth, section_order, geometry) VALUES ('SEC_021_01', 'CH_021', 217.90, 216.00, 5200.00, 8.00, 1.5, 0.018, 4.00, 1, ST_SetSRID(ST_MakeLine(ST_MakePoint(101.0, 14.0), ST_MakePoint(101.1, 14.1)), 4326));
INSERT INTO gravity.channels (channel_id, name, channel_type, upstream_gate_id, total_length, avg_bed_slope, capacity, geometry) VALUES ('CH_022', 'RMC Section M (0,1; 1,3) to M (0,1; 1,4)', 'lateral', 'M (0,1; 1,3)', 1280.00, 0.000100, 10.00, ST_SetSRID(ST_MakeLine(ST_MakePoint(101.0, 14.0), ST_MakePoint(101.1, 14.1)), 4326));
INSERT INTO gravity.channel_sections (section_id, channel_id, start_elevation, end_elevation, length, bed_width, side_slope, manning_n, max_depth, section_order, geometry) VALUES ('SEC_022_01', 'CH_022', 216.00, 216.00, 1280.00, 8.00, 1.5, 0.018, 4.00, 1, ST_SetSRID(ST_MakeLine(ST_MakePoint(101.0, 14.0), ST_MakePoint(101.1, 14.1)), 4326));
INSERT INTO gravity.channels (channel_id, name, channel_type, upstream_gate_id, total_length, avg_bed_slope, capacity, geometry) VALUES ('CH_023', 'LMC Section M(0,1) to M (0,1; 1,4)', 'main', 'M(0,1)', 6480.00, 0.000293, 10.00, ST_SetSRID(ST_MakeLine(ST_MakePoint(101.0, 14.0), ST_MakePoint(101.1, 14.1)), 4326));
INSERT INTO gravity.channel_sections (section_id, channel_id, start_elevation, end_elevation, length, bed_width, side_slope, manning_n, max_depth, section_order, geometry) VALUES ('SEC_023_01', 'CH_023', 217.90, 216.00, 6480.00, 8.00, 1.5, 0.018, 4.00, 1, ST_SetSRID(ST_MakeLine(ST_MakePoint(101.0, 14.0), ST_MakePoint(101.1, 14.1)), 4326));
INSERT INTO gravity.channels (channel_id, name, channel_type, upstream_gate_id, total_length, avg_bed_slope, capacity, geometry) VALUES ('CH_025', '4L-RMC Section M(0,1; 1,1; 1,0) to M(0,1; 1,1; 1,1)', 'sublateral', 'M(0,1; 1,1; 1,0)', 750.00, 0.000100, 0.81, ST_SetSRID(ST_MakeLine(ST_MakePoint(101.0, 14.0), ST_MakePoint(101.1, 14.1)), 4326));
INSERT INTO gravity.channel_sections (section_id, channel_id, start_elevation, end_elevation, length, bed_width, side_slope, manning_n, max_depth, section_order, geometry) VALUES ('SEC_025_01', 'CH_025', 216.00, 216.00, 750.00, 3.41, 1.5, 0.018, 2.16, 1, ST_SetSRID(ST_MakeLine(ST_MakePoint(101.0, 14.0), ST_MakePoint(101.1, 14.1)), 4326));
INSERT INTO gravity.channels (channel_id, name, channel_type, upstream_gate_id, total_length, avg_bed_slope, capacity, geometry) VALUES ('CH_026', '4L-RMC Section M(0,1; 1,1; 1,1) to M(0,1; 1,1; 1,2)', 'sublateral', 'M(0,1; 1,1; 1,1)', 1100.00, 0.000100, 0.40, ST_SetSRID(ST_MakeLine(ST_MakePoint(101.0, 14.0), ST_MakePoint(101.1, 14.1)), 4326));
INSERT INTO gravity.channel_sections (section_id, channel_id, start_elevation, end_elevation, length, bed_width, side_slope, manning_n, max_depth, section_order, geometry) VALUES ('SEC_026_01', 'CH_026', 216.00, 216.00, 1100.00, 3.20, 1.5, 0.018, 2.08, 1, ST_SetSRID(ST_MakeLine(ST_MakePoint(101.0, 14.0), ST_MakePoint(101.1, 14.1)), 4326));
INSERT INTO gravity.channels (channel_id, name, channel_type, upstream_gate_id, total_length, avg_bed_slope, capacity, geometry) VALUES ('CH_027', '4L-RMC Section M(0,1; 1,1; 1,2) to M(0,1; 1,1; 1,3)', 'sublateral', 'M(0,1; 1,1; 1,2)', 750.00, 0.000100, 0.40, ST_SetSRID(ST_MakeLine(ST_MakePoint(101.0, 14.0), ST_MakePoint(101.1, 14.1)), 4326));
INSERT INTO gravity.channel_sections (section_id, channel_id, start_elevation, end_elevation, length, bed_width, side_slope, manning_n, max_depth, section_order, geometry) VALUES ('SEC_027_01', 'CH_027', 216.00, 216.00, 750.00, 3.20, 1.5, 0.018, 2.08, 1, ST_SetSRID(ST_MakeLine(ST_MakePoint(101.0, 14.0), ST_MakePoint(101.1, 14.1)), 4326));
INSERT INTO gravity.channels (channel_id, name, channel_type, upstream_gate_id, total_length, avg_bed_slope, capacity, geometry) VALUES ('CH_028', '4L-RMC Section M(0,1; 1,1; 1,3) to M(0,1; 1,1; 1,4)', 'sublateral', 'M(0,1; 1,1; 1,3)', 400.00, 0.000100, 0.20, ST_SetSRID(ST_MakeLine(ST_MakePoint(101.0, 14.0), ST_MakePoint(101.1, 14.1)), 4326));
INSERT INTO gravity.channel_sections (section_id, channel_id, start_elevation, end_elevation, length, bed_width, side_slope, manning_n, max_depth, section_order, geometry) VALUES ('SEC_028_01', 'CH_028', 216.00, 216.00, 400.00, 3.10, 1.5, 0.018, 2.04, 1, ST_SetSRID(ST_MakeLine(ST_MakePoint(101.0, 14.0), ST_MakePoint(101.1, 14.1)), 4326));
INSERT INTO gravity.channels (channel_id, name, channel_type, upstream_gate_id, total_length, avg_bed_slope, capacity, geometry) VALUES ('CH_029', '4L-RMC Section M(0,1; 1,1; 1,2) to M(0,1; 1,1; 1,2; 1,0)', 'sublateral', 'M(0,1; 1,1; 1,2)', 483.00, 0.000100, 0.40, ST_SetSRID(ST_MakeLine(ST_MakePoint(101.0, 14.0), ST_MakePoint(101.1, 14.1)), 4326));
INSERT INTO gravity.channel_sections (section_id, channel_id, start_elevation, end_elevation, length, bed_width, side_slope, manning_n, max_depth, section_order, geometry) VALUES ('SEC_029_01', 'CH_029', 216.00, 216.00, 483.00, 3.20, 1.5, 0.018, 2.08, 1, ST_SetSRID(ST_MakeLine(ST_MakePoint(101.0, 14.0), ST_MakePoint(101.1, 14.1)), 4326));
INSERT INTO gravity.channels (channel_id, name, channel_type, upstream_gate_id, total_length, avg_bed_slope, capacity, geometry) VALUES ('CH_030', 'LMC Section M(0,3) to M (0,3; 1,0)', 'main', 'M(0,3)', 6880.00, 0.000262, 8.74, ST_SetSRID(ST_MakeLine(ST_MakePoint(101.0, 14.0), ST_MakePoint(101.1, 14.1)), 4326));
INSERT INTO gravity.channel_sections (section_id, channel_id, start_elevation, end_elevation, length, bed_width, side_slope, manning_n, max_depth, section_order, geometry) VALUES ('SEC_030_01', 'CH_030', 217.80, 216.00, 6880.00, 7.37, 1.5, 0.018, 3.75, 1, ST_SetSRID(ST_MakeLine(ST_MakePoint(101.0, 14.0), ST_MakePoint(101.1, 14.1)), 4326));
INSERT INTO gravity.channels (channel_id, name, channel_type, upstream_gate_id, total_length, avg_bed_slope, capacity, geometry) VALUES ('CH_031', '9R-LMC Section M (0,3; 1,0) to M (0,3; 1,1)', 'sublateral', 'M (0,3; 1,0)', 5750.00, 0.000100, 2.20, ST_SetSRID(ST_MakeLine(ST_MakePoint(101.0, 14.0), ST_MakePoint(101.1, 14.1)), 4326));
INSERT INTO gravity.channel_sections (section_id, channel_id, start_elevation, end_elevation, length, bed_width, side_slope, manning_n, max_depth, section_order, geometry) VALUES ('SEC_031_01', 'CH_031', 216.00, 216.00, 5750.00, 4.10, 1.5, 0.018, 2.44, 1, ST_SetSRID(ST_MakeLine(ST_MakePoint(101.0, 14.0), ST_MakePoint(101.1, 14.1)), 4326));
INSERT INTO gravity.channels (channel_id, name, channel_type, upstream_gate_id, total_length, avg_bed_slope, capacity, geometry) VALUES ('CH_032', 'LMC Section M(0,3) to M (0,3; 1,1)', 'main', 'M(0,3)', 1130.00, 0.001593, 8.74, ST_SetSRID(ST_MakeLine(ST_MakePoint(101.0, 14.0), ST_MakePoint(101.1, 14.1)), 4326));
INSERT INTO gravity.channel_sections (section_id, channel_id, start_elevation, end_elevation, length, bed_width, side_slope, manning_n, max_depth, section_order, geometry) VALUES ('SEC_032_01', 'CH_032', 217.80, 216.00, 1130.00, 7.37, 1.5, 0.018, 3.75, 1, ST_SetSRID(ST_MakeLine(ST_MakePoint(101.0, 14.0), ST_MakePoint(101.1, 14.1)), 4326));
INSERT INTO gravity.channels (channel_id, name, channel_type, upstream_gate_id, total_length, avg_bed_slope, capacity, geometry) VALUES ('CH_033', '9R-LMC Section M (0,3; 1,1) to M (0,3; 1,2)', 'sublateral', 'M (0,3; 1,1)', 2150.00, 0.000100, 1.93, ST_SetSRID(ST_MakeLine(ST_MakePoint(101.0, 14.0), ST_MakePoint(101.1, 14.1)), 4326));
INSERT INTO gravity.channel_sections (section_id, channel_id, start_elevation, end_elevation, length, bed_width, side_slope, manning_n, max_depth, section_order, geometry) VALUES ('SEC_033_01', 'CH_033', 216.00, 216.00, 2150.00, 3.96, 1.5, 0.018, 2.39, 1, ST_SetSRID(ST_MakeLine(ST_MakePoint(101.0, 14.0), ST_MakePoint(101.1, 14.1)), 4326));
INSERT INTO gravity.channels (channel_id, name, channel_type, upstream_gate_id, total_length, avg_bed_slope, capacity, geometry) VALUES ('CH_034', 'LMC Section M(0,3) to M (0,3; 1,2)', 'main', 'M(0,3)', 1020.00, 0.001765, 8.74, ST_SetSRID(ST_MakeLine(ST_MakePoint(101.0, 14.0), ST_MakePoint(101.1, 14.1)), 4326));
INSERT INTO gravity.channel_sections (section_id, channel_id, start_elevation, end_elevation, length, bed_width, side_slope, manning_n, max_depth, section_order, geometry) VALUES ('SEC_034_01', 'CH_034', 217.80, 216.00, 1020.00, 7.37, 1.5, 0.018, 3.75, 1, ST_SetSRID(ST_MakeLine(ST_MakePoint(101.0, 14.0), ST_MakePoint(101.1, 14.1)), 4326));
INSERT INTO gravity.channels (channel_id, name, channel_type, upstream_gate_id, total_length, avg_bed_slope, capacity, geometry) VALUES ('CH_035', '9R-LMC Section M (0,3; 1,2) to M (0,3; 1,3)', 'sublateral', 'M (0,3; 1,2)', 6600.00, 0.000100, 0.62, ST_SetSRID(ST_MakeLine(ST_MakePoint(101.0, 14.0), ST_MakePoint(101.1, 14.1)), 4326));
INSERT INTO gravity.channel_sections (section_id, channel_id, start_elevation, end_elevation, length, bed_width, side_slope, manning_n, max_depth, section_order, geometry) VALUES ('SEC_035_01', 'CH_035', 216.00, 216.00, 6600.00, 3.31, 1.5, 0.018, 2.12, 1, ST_SetSRID(ST_MakeLine(ST_MakePoint(101.0, 14.0), ST_MakePoint(101.1, 14.1)), 4326));
INSERT INTO gravity.channels (channel_id, name, channel_type, upstream_gate_id, total_length, avg_bed_slope, capacity, geometry) VALUES ('CH_036', 'LMC Section M(0,3) to M (0,3; 1,3)', 'main', 'M(0,3)', 7620.00, 0.000236, 8.74, ST_SetSRID(ST_MakeLine(ST_MakePoint(101.0, 14.0), ST_MakePoint(101.1, 14.1)), 4326));
INSERT INTO gravity.channel_sections (section_id, channel_id, start_elevation, end_elevation, length, bed_width, side_slope, manning_n, max_depth, section_order, geometry) VALUES ('SEC_036_01', 'CH_036', 217.80, 216.00, 7620.00, 7.37, 1.5, 0.018, 3.75, 1, ST_SetSRID(ST_MakeLine(ST_MakePoint(101.0, 14.0), ST_MakePoint(101.1, 14.1)), 4326));
INSERT INTO gravity.channels (channel_id, name, channel_type, upstream_gate_id, total_length, avg_bed_slope, capacity, geometry) VALUES ('CH_037', '9R-LMC Section M (0,3; 1,3) to M (0,3; 1,1; 1,0)', 'sublateral', 'M (0,3; 1,3)', 14500.00, 0.000100, 0.37, ST_SetSRID(ST_MakeLine(ST_MakePoint(101.0, 14.0), ST_MakePoint(101.1, 14.1)), 4326));
INSERT INTO gravity.channel_sections (section_id, channel_id, start_elevation, end_elevation, length, bed_width, side_slope, manning_n, max_depth, section_order, geometry) VALUES ('SEC_037_01', 'CH_037', 216.00, 216.00, 14500.00, 3.18, 1.5, 0.018, 2.07, 1, ST_SetSRID(ST_MakeLine(ST_MakePoint(101.0, 14.0), ST_MakePoint(101.1, 14.1)), 4326));
INSERT INTO gravity.channels (channel_id, name, channel_type, upstream_gate_id, total_length, avg_bed_slope, capacity, geometry) VALUES ('CH_038', '7R-9R-LMC Section M (0,3; 1,1; 1,0) to M (0,3; 1,1; 1,1)', 'sublateral', 'M (0,3; 1,1; 1,0)', 3000.00, 0.000100, 0.37, ST_SetSRID(ST_MakeLine(ST_MakePoint(101.0, 14.0), ST_MakePoint(101.1, 14.1)), 4326));
INSERT INTO gravity.channel_sections (section_id, channel_id, start_elevation, end_elevation, length, bed_width, side_slope, manning_n, max_depth, section_order, geometry) VALUES ('SEC_038_01', 'CH_038', 216.00, 216.00, 3000.00, 3.18, 1.5, 0.018, 2.07, 1, ST_SetSRID(ST_MakeLine(ST_MakePoint(101.0, 14.0), ST_MakePoint(101.1, 14.1)), 4326));
INSERT INTO gravity.channels (channel_id, name, channel_type, upstream_gate_id, total_length, avg_bed_slope, capacity, geometry) VALUES ('CH_039', '7R-9R-LMC Section M (0,3; 1,1; 1,1) to M (0,3; 1,1; 2,0)', 'sublateral', 'M (0,3; 1,1; 1,1)', 3000.00, 0.000100, 0.27, ST_SetSRID(ST_MakeLine(ST_MakePoint(101.0, 14.0), ST_MakePoint(101.1, 14.1)), 4326));
INSERT INTO gravity.channel_sections (section_id, channel_id, start_elevation, end_elevation, length, bed_width, side_slope, manning_n, max_depth, section_order, geometry) VALUES ('SEC_039_01', 'CH_039', 216.00, 216.00, 3000.00, 3.13, 1.5, 0.018, 2.05, 1, ST_SetSRID(ST_MakeLine(ST_MakePoint(101.0, 14.0), ST_MakePoint(101.1, 14.1)), 4326));
INSERT INTO gravity.channels (channel_id, name, channel_type, upstream_gate_id, total_length, avg_bed_slope, capacity, geometry) VALUES ('CH_040', '7L-9R-LMC Section M (0,3; 1,1; 2,0) to M (0,3; 1,1; 2,1)', 'sublateral', 'M (0,3; 1,1; 2,0)', 2500.00, 0.000100, 0.27, ST_SetSRID(ST_MakeLine(ST_MakePoint(101.0, 14.0), ST_MakePoint(101.1, 14.1)), 4326));
INSERT INTO gravity.channel_sections (section_id, channel_id, start_elevation, end_elevation, length, bed_width, side_slope, manning_n, max_depth, section_order, geometry) VALUES ('SEC_040_01', 'CH_040', 216.00, 216.00, 2500.00, 3.13, 1.5, 0.018, 2.05, 1, ST_SetSRID(ST_MakeLine(ST_MakePoint(101.0, 14.0), ST_MakePoint(101.1, 14.1)), 4326));
INSERT INTO gravity.channels (channel_id, name, channel_type, upstream_gate_id, total_length, avg_bed_slope, capacity, geometry) VALUES ('CH_041', 'LMC Section M(0,12) to M (0,12; 1,0)', 'lateral', 'M(0,12)', 37859.00, 0.000100, 4.18, ST_SetSRID(ST_MakeLine(ST_MakePoint(101.0, 14.0), ST_MakePoint(101.1, 14.1)), 4326));
INSERT INTO gravity.channel_sections (section_id, channel_id, start_elevation, end_elevation, length, bed_width, side_slope, manning_n, max_depth, section_order, geometry) VALUES ('SEC_041_01', 'CH_041', 215.00, 216.00, 37859.00, 5.09, 1.5, 0.018, 2.84, 1, ST_SetSRID(ST_MakeLine(ST_MakePoint(101.0, 14.0), ST_MakePoint(101.1, 14.1)), 4326));
INSERT INTO gravity.channels (channel_id, name, channel_type, upstream_gate_id, total_length, avg_bed_slope, capacity, geometry) VALUES ('CH_042', '38R-LMC Section M (0,12; 1,0) to M (0,12; 1,1)', 'sublateral', 'M (0,12; 1,0)', 1720.00, 0.000100, 3.65, ST_SetSRID(ST_MakeLine(ST_MakePoint(101.0, 14.0), ST_MakePoint(101.1, 14.1)), 4326));
INSERT INTO gravity.channel_sections (section_id, channel_id, start_elevation, end_elevation, length, bed_width, side_slope, manning_n, max_depth, section_order, geometry) VALUES ('SEC_042_01', 'CH_042', 216.00, 216.00, 1720.00, 4.83, 1.5, 0.018, 2.73, 1, ST_SetSRID(ST_MakeLine(ST_MakePoint(101.0, 14.0), ST_MakePoint(101.1, 14.1)), 4326));
INSERT INTO gravity.channels (channel_id, name, channel_type, upstream_gate_id, total_length, avg_bed_slope, capacity, geometry) VALUES ('CH_043', 'LMC Section M(0,12) to M (0,12; 1,1)', 'lateral', 'M(0,12)', 36139.00, 0.000100, 4.18, ST_SetSRID(ST_MakeLine(ST_MakePoint(101.0, 14.0), ST_MakePoint(101.1, 14.1)), 4326));
INSERT INTO gravity.channel_sections (section_id, channel_id, start_elevation, end_elevation, length, bed_width, side_slope, manning_n, max_depth, section_order, geometry) VALUES ('SEC_043_01', 'CH_043', 215.00, 216.00, 36139.00, 5.09, 1.5, 0.018, 2.84, 1, ST_SetSRID(ST_MakeLine(ST_MakePoint(101.0, 14.0), ST_MakePoint(101.1, 14.1)), 4326));
INSERT INTO gravity.channels (channel_id, name, channel_type, upstream_gate_id, total_length, avg_bed_slope, capacity, geometry) VALUES ('CH_044', '38R-LMC Section M (0,12; 1,1) to M (0,12; 1,2)', 'sublateral', 'M (0,12; 1,1)', 1280.00, 0.000100, 2.01, ST_SetSRID(ST_MakeLine(ST_MakePoint(101.0, 14.0), ST_MakePoint(101.1, 14.1)), 4326));
INSERT INTO gravity.channel_sections (section_id, channel_id, start_elevation, end_elevation, length, bed_width, side_slope, manning_n, max_depth, section_order, geometry) VALUES ('SEC_044_01', 'CH_044', 216.00, 216.00, 1280.00, 4.00, 1.5, 0.018, 2.40, 1, ST_SetSRID(ST_MakeLine(ST_MakePoint(101.0, 14.0), ST_MakePoint(101.1, 14.1)), 4326));
INSERT INTO gravity.channels (channel_id, name, channel_type, upstream_gate_id, total_length, avg_bed_slope, capacity, geometry) VALUES ('CH_045', 'LMC Section M(0,12) to M (0,12; 1,2)', 'lateral', 'M(0,12)', 34859.00, 0.000100, 4.18, ST_SetSRID(ST_MakeLine(ST_MakePoint(101.0, 14.0), ST_MakePoint(101.1, 14.1)), 4326));
INSERT INTO gravity.channel_sections (section_id, channel_id, start_elevation, end_elevation, length, bed_width, side_slope, manning_n, max_depth, section_order, geometry) VALUES ('SEC_045_01', 'CH_045', 215.00, 216.00, 34859.00, 5.09, 1.5, 0.018, 2.84, 1, ST_SetSRID(ST_MakeLine(ST_MakePoint(101.0, 14.0), ST_MakePoint(101.1, 14.1)), 4326));
INSERT INTO gravity.channels (channel_id, name, channel_type, upstream_gate_id, total_length, avg_bed_slope, capacity, geometry) VALUES ('CH_046', '38R-LMC Section M (0,12; 1,2) to M (0,12; 1,3)', 'sublateral', 'M (0,12; 1,2)', 1500.00, 0.000100, 1.93, ST_SetSRID(ST_MakeLine(ST_MakePoint(101.0, 14.0), ST_MakePoint(101.1, 14.1)), 4326));
INSERT INTO gravity.channel_sections (section_id, channel_id, start_elevation, end_elevation, length, bed_width, side_slope, manning_n, max_depth, section_order, geometry) VALUES ('SEC_046_01', 'CH_046', 216.00, 216.00, 1500.00, 3.96, 1.5, 0.018, 2.39, 1, ST_SetSRID(ST_MakeLine(ST_MakePoint(101.0, 14.0), ST_MakePoint(101.1, 14.1)), 4326));
INSERT INTO gravity.channels (channel_id, name, channel_type, upstream_gate_id, total_length, avg_bed_slope, capacity, geometry) VALUES ('CH_047', 'LMC Section M(0,12) to M (0,12; 1,3)', 'lateral', 'M(0,12)', 33359.00, 0.000100, 4.18, ST_SetSRID(ST_MakeLine(ST_MakePoint(101.0, 14.0), ST_MakePoint(101.1, 14.1)), 4326));
INSERT INTO gravity.channel_sections (section_id, channel_id, start_elevation, end_elevation, length, bed_width, side_slope, manning_n, max_depth, section_order, geometry) VALUES ('SEC_047_01', 'CH_047', 215.00, 216.00, 33359.00, 5.09, 1.5, 0.018, 2.84, 1, ST_SetSRID(ST_MakeLine(ST_MakePoint(101.0, 14.0), ST_MakePoint(101.1, 14.1)), 4326));
INSERT INTO gravity.channels (channel_id, name, channel_type, upstream_gate_id, total_length, avg_bed_slope, capacity, geometry) VALUES ('CH_048', '38R-LMC Section M (0,12; 1,3) to M (0,12; 1,4)', 'sublateral', 'M (0,12; 1,3)', 2120.00, 0.000100, 1.10, ST_SetSRID(ST_MakeLine(ST_MakePoint(101.0, 14.0), ST_MakePoint(101.1, 14.1)), 4326));
INSERT INTO gravity.channel_sections (section_id, channel_id, start_elevation, end_elevation, length, bed_width, side_slope, manning_n, max_depth, section_order, geometry) VALUES ('SEC_048_01', 'CH_048', 216.00, 216.00, 2120.00, 3.55, 1.5, 0.018, 2.22, 1, ST_SetSRID(ST_MakeLine(ST_MakePoint(101.0, 14.0), ST_MakePoint(101.1, 14.1)), 4326));
INSERT INTO gravity.channels (channel_id, name, channel_type, upstream_gate_id, total_length, avg_bed_slope, capacity, geometry) VALUES ('CH_049', 'LMC Section M(0,12) to M (0,12; 1,4)', 'lateral', 'M(0,12)', 31239.00, 0.000100, 4.18, ST_SetSRID(ST_MakeLine(ST_MakePoint(101.0, 14.0), ST_MakePoint(101.1, 14.1)), 4326));
INSERT INTO gravity.channel_sections (section_id, channel_id, start_elevation, end_elevation, length, bed_width, side_slope, manning_n, max_depth, section_order, geometry) VALUES ('SEC_049_01', 'CH_049', 215.00, 216.00, 31239.00, 5.09, 1.5, 0.018, 2.84, 1, ST_SetSRID(ST_MakeLine(ST_MakePoint(101.0, 14.0), ST_MakePoint(101.1, 14.1)), 4326));
INSERT INTO gravity.channels (channel_id, name, channel_type, upstream_gate_id, total_length, avg_bed_slope, capacity, geometry) VALUES ('CH_050', '38R-LMC Section M (0,12; 1,4) to M (0,12; 1,5)', 'sublateral', 'M (0,12; 1,4)', 2280.00, 0.000100, 0.67, ST_SetSRID(ST_MakeLine(ST_MakePoint(101.0, 14.0), ST_MakePoint(101.1, 14.1)), 4326));
INSERT INTO gravity.channel_sections (section_id, channel_id, start_elevation, end_elevation, length, bed_width, side_slope, manning_n, max_depth, section_order, geometry) VALUES ('SEC_050_01', 'CH_050', 216.00, 216.00, 2280.00, 3.33, 1.5, 0.018, 2.13, 1, ST_SetSRID(ST_MakeLine(ST_MakePoint(101.0, 14.0), ST_MakePoint(101.1, 14.1)), 4326));
INSERT INTO gravity.channels (channel_id, name, channel_type, upstream_gate_id, total_length, avg_bed_slope, capacity, geometry) VALUES ('CH_051', 'LMC Section M(0,12) to M (0,12; 1,5)', 'lateral', 'M(0,12)', 28959.00, 0.000100, 4.18, ST_SetSRID(ST_MakeLine(ST_MakePoint(101.0, 14.0), ST_MakePoint(101.1, 14.1)), 4326));
INSERT INTO gravity.channel_sections (section_id, channel_id, start_elevation, end_elevation, length, bed_width, side_slope, manning_n, max_depth, section_order, geometry) VALUES ('SEC_051_01', 'CH_051', 215.00, 216.00, 28959.00, 5.09, 1.5, 0.018, 2.84, 1, ST_SetSRID(ST_MakeLine(ST_MakePoint(101.0, 14.0), ST_MakePoint(101.1, 14.1)), 4326));
INSERT INTO gravity.channels (channel_id, name, channel_type, upstream_gate_id, total_length, avg_bed_slope, capacity, geometry) VALUES ('CH_052', '38R-LMC Section M (0,12; 1,5) to M (0,12; 1,0; 1,0)', 'sublateral', 'M (0,12; 1,5)', 8900.00, 0.000100, 0.35, ST_SetSRID(ST_MakeLine(ST_MakePoint(101.0, 14.0), ST_MakePoint(101.1, 14.1)), 4326));
INSERT INTO gravity.channel_sections (section_id, channel_id, start_elevation, end_elevation, length, bed_width, side_slope, manning_n, max_depth, section_order, geometry) VALUES ('SEC_052_01', 'CH_052', 216.00, 216.00, 8900.00, 3.17, 1.5, 0.018, 2.07, 1, ST_SetSRID(ST_MakeLine(ST_MakePoint(101.0, 14.0), ST_MakePoint(101.1, 14.1)), 4326));
INSERT INTO gravity.channels (channel_id, name, channel_type, upstream_gate_id, total_length, avg_bed_slope, capacity, geometry) VALUES ('CH_053', '1R-38R-LMC Section M (0,12; 1,0; 1,0) to M (0,12; 1,0; 1,1)', 'sublateral', 'M (0,12; 1,0; 1,0)', 4550.00, 0.000100, 0.35, ST_SetSRID(ST_MakeLine(ST_MakePoint(101.0, 14.0), ST_MakePoint(101.1, 14.1)), 4326));
INSERT INTO gravity.channel_sections (section_id, channel_id, start_elevation, end_elevation, length, bed_width, side_slope, manning_n, max_depth, section_order, geometry) VALUES ('SEC_053_01', 'CH_053', 216.00, 216.00, 4550.00, 3.17, 1.5, 0.018, 2.07, 1, ST_SetSRID(ST_MakeLine(ST_MakePoint(101.0, 14.0), ST_MakePoint(101.1, 14.1)), 4326));
INSERT INTO gravity.channels (channel_id, name, channel_type, upstream_gate_id, total_length, avg_bed_slope, capacity, geometry) VALUES ('CH_054', '1R-38R-LMC Section M (0,12; 1,0; 1,1) to M (0,12; 1,1; 1,0)', 'sublateral', 'M (0,12; 1,0; 1,1)', 4550.00, 0.000100, 1.30, ST_SetSRID(ST_MakeLine(ST_MakePoint(101.0, 14.0), ST_MakePoint(101.1, 14.1)), 4326));
INSERT INTO gravity.channel_sections (section_id, channel_id, start_elevation, end_elevation, length, bed_width, side_slope, manning_n, max_depth, section_order, geometry) VALUES ('SEC_054_01', 'CH_054', 216.00, 216.00, 4550.00, 3.65, 1.5, 0.018, 2.26, 1, ST_SetSRID(ST_MakeLine(ST_MakePoint(101.0, 14.0), ST_MakePoint(101.1, 14.1)), 4326));
INSERT INTO gravity.channels (channel_id, name, channel_type, upstream_gate_id, total_length, avg_bed_slope, capacity, geometry) VALUES ('CH_055', '2R-38R-LMC Section M (0,12; 1,1; 1,0) to M (0,12; 1,1; 1,1)', 'sublateral', 'M (0,12; 1,1; 1,0)', 540.00, 0.000100, 1.30, ST_SetSRID(ST_MakeLine(ST_MakePoint(101.0, 14.0), ST_MakePoint(101.1, 14.1)), 4326));
INSERT INTO gravity.channel_sections (section_id, channel_id, start_elevation, end_elevation, length, bed_width, side_slope, manning_n, max_depth, section_order, geometry) VALUES ('SEC_055_01', 'CH_055', 216.00, 216.00, 540.00, 3.65, 1.5, 0.018, 2.26, 1, ST_SetSRID(ST_MakeLine(ST_MakePoint(101.0, 14.0), ST_MakePoint(101.1, 14.1)), 4326));
INSERT INTO gravity.channels (channel_id, name, channel_type, upstream_gate_id, total_length, avg_bed_slope, capacity, geometry) VALUES ('CH_056', '2R-38R-LMC Section M (0,12; 1,1; 1,1) to M (0,12; 1,1; 1,2)', 'sublateral', 'M (0,12; 1,1; 1,1)', 3340.00, 0.000100, 0.39, ST_SetSRID(ST_MakeLine(ST_MakePoint(101.0, 14.0), ST_MakePoint(101.1, 14.1)), 4326));
INSERT INTO gravity.channel_sections (section_id, channel_id, start_elevation, end_elevation, length, bed_width, side_slope, manning_n, max_depth, section_order, geometry) VALUES ('SEC_056_01', 'CH_056', 216.00, 216.00, 3340.00, 3.19, 1.5, 0.018, 2.08, 1, ST_SetSRID(ST_MakeLine(ST_MakePoint(101.0, 14.0), ST_MakePoint(101.1, 14.1)), 4326));
INSERT INTO gravity.channels (channel_id, name, channel_type, upstream_gate_id, total_length, avg_bed_slope, capacity, geometry) VALUES ('CH_057', '2R-38R-LMC Section M (0,12; 1,1; 1,2) to M (0,12; 1,1; 1,0; 1,0)', 'sublateral', 'M (0,12; 1,1; 1,2)', 3880.00, 0.000100, 0.85, ST_SetSRID(ST_MakeLine(ST_MakePoint(101.0, 14.0), ST_MakePoint(101.1, 14.1)), 4326));
INSERT INTO gravity.channel_sections (section_id, channel_id, start_elevation, end_elevation, length, bed_width, side_slope, manning_n, max_depth, section_order, geometry) VALUES ('SEC_057_01', 'CH_057', 216.00, 216.00, 3880.00, 3.42, 1.5, 0.018, 2.17, 1, ST_SetSRID(ST_MakeLine(ST_MakePoint(101.0, 14.0), ST_MakePoint(101.1, 14.1)), 4326));
INSERT INTO gravity.channels (channel_id, name, channel_type, upstream_gate_id, total_length, avg_bed_slope, capacity, geometry) VALUES ('CH_058', '1R-2R-38R-LMC Section M (0,12; 1,1; 1,0; 1,0) to M (0,12; 1,1; 1,0; 1,1)', 'sublateral', 'M (0,12; 1,1; 1,0; 1,0)', 3200.00, 0.000100, 0.85, ST_SetSRID(ST_MakeLine(ST_MakePoint(101.0, 14.0), ST_MakePoint(101.1, 14.1)), 4326));
INSERT INTO gravity.channel_sections (section_id, channel_id, start_elevation, end_elevation, length, bed_width, side_slope, manning_n, max_depth, section_order, geometry) VALUES ('SEC_058_01', 'CH_058', 216.00, 216.00, 3200.00, 3.42, 1.5, 0.018, 2.17, 1, ST_SetSRID(ST_MakeLine(ST_MakePoint(101.0, 14.0), ST_MakePoint(101.1, 14.1)), 4326));
INSERT INTO gravity.channels (channel_id, name, channel_type, upstream_gate_id, total_length, avg_bed_slope, capacity, geometry) VALUES ('CH_059', '1R-2R-38R-LMC Section M (0,12; 1,1; 1,0; 1,1) to M (0,12; 1,1; 1,0; 1,2)', 'sublateral', 'M (0,12; 1,1; 1,0; 1,1)', 4580.00, 0.000100, 0.36, ST_SetSRID(ST_MakeLine(ST_MakePoint(101.0, 14.0), ST_MakePoint(101.1, 14.1)), 4326));
INSERT INTO gravity.channel_sections (section_id, channel_id, start_elevation, end_elevation, length, bed_width, side_slope, manning_n, max_depth, section_order, geometry) VALUES ('SEC_059_01', 'CH_059', 216.00, 216.00, 4580.00, 3.18, 1.5, 0.018, 2.07, 1, ST_SetSRID(ST_MakeLine(ST_MakePoint(101.0, 14.0), ST_MakePoint(101.1, 14.1)), 4326));
INSERT INTO gravity.channels (channel_id, name, channel_type, upstream_gate_id, total_length, avg_bed_slope, capacity, geometry) VALUES ('CH_060', '1R-2R-38R-LMC Section M (0,12; 1,1; 1,0; 1,2) to M (0,12; 1,2; 1,0)', 'sublateral', 'M (0,12; 1,1; 1,0; 1,2)', 7780.00, 0.000100, 0.65, ST_SetSRID(ST_MakeLine(ST_MakePoint(101.0, 14.0), ST_MakePoint(101.1, 14.1)), 4326));
INSERT INTO gravity.channel_sections (section_id, channel_id, start_elevation, end_elevation, length, bed_width, side_slope, manning_n, max_depth, section_order, geometry) VALUES ('SEC_060_01', 'CH_060', 216.00, 216.00, 7780.00, 3.33, 1.5, 0.018, 2.13, 1, ST_SetSRID(ST_MakeLine(ST_MakePoint(101.0, 14.0), ST_MakePoint(101.1, 14.1)), 4326));
INSERT INTO gravity.channels (channel_id, name, channel_type, upstream_gate_id, total_length, avg_bed_slope, capacity, geometry) VALUES ('CH_061', '4L-38R-LMC Section M (0,12; 1,2; 1,0) to M (0,12; 1,2; 1,1)', 'sublateral', 'M (0,12; 1,2; 1,0)', 4000.00, 0.000100, 0.65, ST_SetSRID(ST_MakeLine(ST_MakePoint(101.0, 14.0), ST_MakePoint(101.1, 14.1)), 4326));
INSERT INTO gravity.channel_sections (section_id, channel_id, start_elevation, end_elevation, length, bed_width, side_slope, manning_n, max_depth, section_order, geometry) VALUES ('SEC_061_01', 'CH_061', 216.00, 216.00, 4000.00, 3.33, 1.5, 0.018, 2.13, 1, ST_SetSRID(ST_MakeLine(ST_MakePoint(101.0, 14.0), ST_MakePoint(101.1, 14.1)), 4326));
INSERT INTO gravity.channels (channel_id, name, channel_type, upstream_gate_id, total_length, avg_bed_slope, capacity, geometry) VALUES ('CH_062', '4L-38R-LMC Section M (0,12; 1,2; 1,1) to M (0,12; 1,2; 1,2)', 'sublateral', 'M (0,12; 1,2; 1,1)', 3000.00, 0.000100, 0.39, ST_SetSRID(ST_MakeLine(ST_MakePoint(101.0, 14.0), ST_MakePoint(101.1, 14.1)), 4326));
INSERT INTO gravity.channel_sections (section_id, channel_id, start_elevation, end_elevation, length, bed_width, side_slope, manning_n, max_depth, section_order, geometry) VALUES ('SEC_062_01', 'CH_062', 216.00, 216.00, 3000.00, 3.20, 1.5, 0.018, 2.08, 1, ST_SetSRID(ST_MakeLine(ST_MakePoint(101.0, 14.0), ST_MakePoint(101.1, 14.1)), 4326));
INSERT INTO gravity.channels (channel_id, name, channel_type, upstream_gate_id, total_length, avg_bed_slope, capacity, geometry) VALUES ('CH_063', '4L-38R-LMC Section M (0,12; 1,2; 1,2) to M (0,12; 1,2; 1,0; 1,0)', 'sublateral', 'M (0,12; 1,2; 1,2)', 7000.00, 0.000100, 0.20, ST_SetSRID(ST_MakeLine(ST_MakePoint(101.0, 14.0), ST_MakePoint(101.1, 14.1)), 4326));
INSERT INTO gravity.channel_sections (section_id, channel_id, start_elevation, end_elevation, length, bed_width, side_slope, manning_n, max_depth, section_order, geometry) VALUES ('SEC_063_01', 'CH_063', 216.00, 216.00, 7000.00, 3.10, 1.5, 0.018, 2.04, 1, ST_SetSRID(ST_MakeLine(ST_MakePoint(101.0, 14.0), ST_MakePoint(101.1, 14.1)), 4326));
INSERT INTO gravity.channels (channel_id, name, channel_type, upstream_gate_id, total_length, avg_bed_slope, capacity, geometry) VALUES ('CH_064', '5R-4L-38R-LMC Section M (0,12; 1,2; 1,0; 1,0) to M (0,12; 1,2; 1,0; 1,1)', 'sublateral', 'M (0,12; 1,2; 1,0; 1,0)', 1950.00, 0.000100, 0.20, ST_SetSRID(ST_MakeLine(ST_MakePoint(101.0, 14.0), ST_MakePoint(101.1, 14.1)), 4326));
INSERT INTO gravity.channel_sections (section_id, channel_id, start_elevation, end_elevation, length, bed_width, side_slope, manning_n, max_depth, section_order, geometry) VALUES ('SEC_064_01', 'CH_064', 216.00, 216.00, 1950.00, 3.10, 1.5, 0.018, 2.04, 1, ST_SetSRID(ST_MakeLine(ST_MakePoint(101.0, 14.0), ST_MakePoint(101.1, 14.1)), 4326));
INSERT INTO gravity.channels (channel_id, name, channel_type, upstream_gate_id, total_length, avg_bed_slope, capacity, geometry) VALUES ('CH_065', '5R-4L-38R-LMC Section M (0,12; 1,2; 1,0; 1,1) to M (0,12; 1,3; 1,0)', 'sublateral', 'M (0,12; 1,2; 1,0; 1,1)', 1950.00, 0.000100, 0.32, ST_SetSRID(ST_MakeLine(ST_MakePoint(101.0, 14.0), ST_MakePoint(101.1, 14.1)), 4326));
INSERT INTO gravity.channel_sections (section_id, channel_id, start_elevation, end_elevation, length, bed_width, side_slope, manning_n, max_depth, section_order, geometry) VALUES ('SEC_065_01', 'CH_065', 216.00, 216.00, 1950.00, 3.16, 1.5, 0.018, 2.06, 1, ST_SetSRID(ST_MakeLine(ST_MakePoint(101.0, 14.0), ST_MakePoint(101.1, 14.1)), 4326));
INSERT INTO gravity.channels (channel_id, name, channel_type, upstream_gate_id, total_length, avg_bed_slope, capacity, geometry) VALUES ('CH_066', '6R-38R-LMC Section M (0,12; 1,3; 1,0) to M (0,12; 1,3; 1,1)', 'sublateral', 'M (0,12; 1,3; 1,0)', 2550.00, 0.000100, 0.32, ST_SetSRID(ST_MakeLine(ST_MakePoint(101.0, 14.0), ST_MakePoint(101.1, 14.1)), 4326));
INSERT INTO gravity.channel_sections (section_id, channel_id, start_elevation, end_elevation, length, bed_width, side_slope, manning_n, max_depth, section_order, geometry) VALUES ('SEC_066_01', 'CH_066', 216.00, 216.00, 2550.00, 3.16, 1.5, 0.018, 2.06, 1, ST_SetSRID(ST_MakeLine(ST_MakePoint(101.0, 14.0), ST_MakePoint(101.1, 14.1)), 4326));
INSERT INTO gravity.channels (channel_id, name, channel_type, upstream_gate_id, total_length, avg_bed_slope, capacity, geometry) VALUES ('CH_067', '6R-38R-LMC Section M (0,12; 1,3; 1,1) to M (0,12; 1,4; 1,0)', 'sublateral', 'M (0,12; 1,3; 1,1)', 2550.00, 0.000100, 0.38, ST_SetSRID(ST_MakeLine(ST_MakePoint(101.0, 14.0), ST_MakePoint(101.1, 14.1)), 4326));
INSERT INTO gravity.channel_sections (section_id, channel_id, start_elevation, end_elevation, length, bed_width, side_slope, manning_n, max_depth, section_order, geometry) VALUES ('SEC_067_01', 'CH_067', 216.00, 216.00, 2550.00, 3.19, 1.5, 0.018, 2.08, 1, ST_SetSRID(ST_MakeLine(ST_MakePoint(101.0, 14.0), ST_MakePoint(101.1, 14.1)), 4326));
INSERT INTO gravity.channels (channel_id, name, channel_type, upstream_gate_id, total_length, avg_bed_slope, capacity, geometry) VALUES ('CH_068', '8R-38R-LMC Section M (0,12; 1,4; 1,0) to M (0,12; 1,4; 1,1)', 'sublateral', 'M (0,12; 1,4; 1,0)', 2500.00, 0.000100, 0.38, ST_SetSRID(ST_MakeLine(ST_MakePoint(101.0, 14.0), ST_MakePoint(101.1, 14.1)), 4326));
INSERT INTO gravity.channel_sections (section_id, channel_id, start_elevation, end_elevation, length, bed_width, side_slope, manning_n, max_depth, section_order, geometry) VALUES ('SEC_068_01', 'CH_068', 216.00, 216.00, 2500.00, 3.19, 1.5, 0.018, 2.08, 1, ST_SetSRID(ST_MakeLine(ST_MakePoint(101.0, 14.0), ST_MakePoint(101.1, 14.1)), 4326));

-- Insert gates with upstream/downstream connections
INSERT INTO gravity.gates (gate_id, gate_type, location, elevation, max_opening, current_opening, upstream_channel_id, downstream_channel_id) VALUES ('M(0,0)', 'manual', ST_SetSRID(ST_MakePoint(101.0, 14.01), 4326), 218.00, 1.0, 0.0, NULL, 'CH_014');
INSERT INTO gravity.gates (gate_id, gate_type, location, elevation, max_opening, current_opening, upstream_channel_id, downstream_channel_id) VALUES ('M(0,1)', 'manual', ST_SetSRID(ST_MakePoint(101.0, 14.0), 4326), 217.90, 1.0, 0.0, NULL, 'CH_001');
INSERT INTO gravity.gates (gate_id, gate_type, location, elevation, max_opening, current_opening, upstream_channel_id, downstream_channel_id) VALUES ('M(0,2)', 'manual', ST_SetSRID(ST_MakePoint(101.0, 14.01), 4326), 217.90, 1.0, 0.0, 'CH_001', 'CH_002');
INSERT INTO gravity.gates (gate_id, gate_type, location, elevation, max_opening, current_opening, upstream_channel_id, downstream_channel_id) VALUES ('M(0,3)', 'manual', ST_SetSRID(ST_MakePoint(101.0, 14.01), 4326), 217.80, 1.0, 0.0, 'CH_002', 'CH_003');
INSERT INTO gravity.gates (gate_id, gate_type, location, elevation, max_opening, current_opening, upstream_channel_id, downstream_channel_id) VALUES ('M(0,4)', 'manual', ST_SetSRID(ST_MakePoint(101.0, 14.01), 4326), 216.00, 1.0, 0.0, 'CH_003', 'CH_004');
INSERT INTO gravity.gates (gate_id, gate_type, location, elevation, max_opening, current_opening, upstream_channel_id, downstream_channel_id) VALUES ('M(0,5)', 'manual', ST_SetSRID(ST_MakePoint(101.0, 14.02), 4326), 217.00, 1.0, 0.0, 'CH_004', 'CH_005');
INSERT INTO gravity.gates (gate_id, gate_type, location, elevation, max_opening, current_opening, upstream_channel_id, downstream_channel_id) VALUES ('M(0,6)', 'manual', ST_SetSRID(ST_MakePoint(101.0, 14.02), 4326), 216.00, 1.0, 0.0, 'CH_005', 'CH_006');
INSERT INTO gravity.gates (gate_id, gate_type, location, elevation, max_opening, current_opening, upstream_channel_id, downstream_channel_id) VALUES ('M(0,7)', 'manual', ST_SetSRID(ST_MakePoint(101.0, 14.02), 4326), 216.00, 1.0, 0.0, 'CH_006', 'CH_007');
INSERT INTO gravity.gates (gate_id, gate_type, location, elevation, max_opening, current_opening, upstream_channel_id, downstream_channel_id) VALUES ('M(0,8)', 'manual', ST_SetSRID(ST_MakePoint(101.0, 14.02), 4326), 216.00, 1.0, 0.0, 'CH_007', 'CH_008');
INSERT INTO gravity.gates (gate_id, gate_type, location, elevation, max_opening, current_opening, upstream_channel_id, downstream_channel_id) VALUES ('M(0,9)', 'manual', ST_SetSRID(ST_MakePoint(101.0, 14.02), 4326), 216.00, 1.0, 0.0, 'CH_008', 'CH_009');
INSERT INTO gravity.gates (gate_id, gate_type, location, elevation, max_opening, current_opening, upstream_channel_id, downstream_channel_id) VALUES ('M(0,10)', 'manual', ST_SetSRID(ST_MakePoint(101.0, 14.02), 4326), 216.00, 1.0, 0.0, 'CH_009', 'CH_010');
INSERT INTO gravity.gates (gate_id, gate_type, location, elevation, max_opening, current_opening, upstream_channel_id, downstream_channel_id) VALUES ('M(0,11)', 'manual', ST_SetSRID(ST_MakePoint(101.0, 14.02), 4326), 216.00, 1.0, 0.0, 'CH_010', 'CH_011');
INSERT INTO gravity.gates (gate_id, gate_type, location, elevation, max_opening, current_opening, upstream_channel_id, downstream_channel_id) VALUES ('M(0,12)', 'manual', ST_SetSRID(ST_MakePoint(101.0, 14.02), 4326), 215.00, 1.0, 0.0, 'CH_011', 'CH_012');
INSERT INTO gravity.gates (gate_id, gate_type, location, elevation, max_opening, current_opening, upstream_channel_id, downstream_channel_id) VALUES ('M(0,13)', 'manual', ST_SetSRID(ST_MakePoint(101.0, 14.02), 4326), 216.00, 1.0, 0.0, 'CH_012', 'CH_013');
INSERT INTO gravity.gates (gate_id, gate_type, location, elevation, max_opening, current_opening, upstream_channel_id, downstream_channel_id) VALUES ('M(0,14)', 'manual', ST_SetSRID(ST_MakePoint(101.0, 14.02), 4326), 214.50, 1.0, 0.0, 'CH_013', NULL);
INSERT INTO gravity.gates (gate_id, gate_type, location, elevation, max_opening, current_opening, upstream_channel_id, downstream_channel_id) VALUES ('M(0,0; 1,0)', 'manual', ST_SetSRID(ST_MakePoint(101.0, 14.01), 4326), 216.00, 1.0, 0.0, 'CH_014', NULL);
INSERT INTO gravity.gates (gate_id, gate_type, location, elevation, max_opening, current_opening, upstream_channel_id, downstream_channel_id) VALUES ('M (0,1; 1,0)', 'manual', ST_SetSRID(ST_MakePoint(101.0, 14.06), 4326), 216.00, 1.0, 0.0, 'CH_015', 'CH_016');
INSERT INTO gravity.gates (gate_id, gate_type, location, elevation, max_opening, current_opening, upstream_channel_id, downstream_channel_id) VALUES ('M (0,1; 1,1)', 'manual', ST_SetSRID(ST_MakePoint(101.0, 14.06), 4326), 216.00, 1.0, 0.0, 'CH_016', 'CH_018');
INSERT INTO gravity.gates (gate_id, gate_type, location, elevation, max_opening, current_opening, upstream_channel_id, downstream_channel_id) VALUES ('M (0,1; 1,2)', 'manual', ST_SetSRID(ST_MakePoint(101.0, 14.06), 4326), 216.00, 1.0, 0.0, 'CH_018', 'CH_020');
INSERT INTO gravity.gates (gate_id, gate_type, location, elevation, max_opening, current_opening, upstream_channel_id, downstream_channel_id) VALUES ('M (0,1; 1,3)', 'manual', ST_SetSRID(ST_MakePoint(101.0, 14.06), 4326), 216.00, 1.0, 0.0, 'CH_020', 'CH_022');
INSERT INTO gravity.gates (gate_id, gate_type, location, elevation, max_opening, current_opening, upstream_channel_id, downstream_channel_id) VALUES ('M (0,1; 1,4)', 'manual', ST_SetSRID(ST_MakePoint(101.0, 14.06), 4326), 216.00, 1.0, 0.0, 'CH_022', NULL);
INSERT INTO gravity.gates (gate_id, gate_type, location, elevation, max_opening, current_opening, upstream_channel_id, downstream_channel_id) VALUES ('M(0,1; 1,0; 1,0)', 'manual', ST_SetSRID(ST_MakePoint(101.0, 14.06), 4326), 216.00, 1.0, 0.0, NULL, NULL);
INSERT INTO gravity.gates (gate_id, gate_type, location, elevation, max_opening, current_opening, upstream_channel_id, downstream_channel_id) VALUES ('M(0,1; 1,1; 1,0)', 'manual', ST_SetSRID(ST_MakePoint(101.0, 14.06), 4326), 216.00, 1.0, 0.0, NULL, 'CH_025');
INSERT INTO gravity.gates (gate_id, gate_type, location, elevation, max_opening, current_opening, upstream_channel_id, downstream_channel_id) VALUES ('M(0,1; 1,1; 1,1)', 'manual', ST_SetSRID(ST_MakePoint(101.0, 14.06), 4326), 216.00, 1.0, 0.0, 'CH_025', 'CH_026');
INSERT INTO gravity.gates (gate_id, gate_type, location, elevation, max_opening, current_opening, upstream_channel_id, downstream_channel_id) VALUES ('M(0,1; 1,1; 1,2)', 'manual', ST_SetSRID(ST_MakePoint(101.0, 14.06), 4326), 216.00, 1.0, 0.0, 'CH_026', 'CH_027');
INSERT INTO gravity.gates (gate_id, gate_type, location, elevation, max_opening, current_opening, upstream_channel_id, downstream_channel_id) VALUES ('M(0,1; 1,1; 1,3)', 'manual', ST_SetSRID(ST_MakePoint(101.0, 14.06), 4326), 216.00, 1.0, 0.0, 'CH_027', 'CH_028');
INSERT INTO gravity.gates (gate_id, gate_type, location, elevation, max_opening, current_opening, upstream_channel_id, downstream_channel_id) VALUES ('M(0,1; 1,1; 1,4)', 'manual', ST_SetSRID(ST_MakePoint(101.0, 14.06), 4326), 216.00, 1.0, 0.0, 'CH_028', NULL);
INSERT INTO gravity.gates (gate_id, gate_type, location, elevation, max_opening, current_opening, upstream_channel_id, downstream_channel_id) VALUES ('M(0,1; 1,1; 1,2; 1,0)', 'manual', ST_SetSRID(ST_MakePoint(101.0, 14.06), 4326), 216.00, 1.0, 0.0, 'CH_029', NULL);
INSERT INTO gravity.gates (gate_id, gate_type, location, elevation, max_opening, current_opening, upstream_channel_id, downstream_channel_id) VALUES ('M (0,3; 1,0)', 'manual', ST_SetSRID(ST_MakePoint(101.0, 14.03), 4326), 216.00, 1.0, 0.0, 'CH_030', 'CH_031');
INSERT INTO gravity.gates (gate_id, gate_type, location, elevation, max_opening, current_opening, upstream_channel_id, downstream_channel_id) VALUES ('M (0,3; 1,1)', 'manual', ST_SetSRID(ST_MakePoint(101.0, 14.03), 4326), 216.00, 1.0, 0.0, 'CH_031', 'CH_033');
INSERT INTO gravity.gates (gate_id, gate_type, location, elevation, max_opening, current_opening, upstream_channel_id, downstream_channel_id) VALUES ('M (0,3; 1,2)', 'manual', ST_SetSRID(ST_MakePoint(101.0, 14.03), 4326), 216.00, 1.0, 0.0, 'CH_033', 'CH_035');
INSERT INTO gravity.gates (gate_id, gate_type, location, elevation, max_opening, current_opening, upstream_channel_id, downstream_channel_id) VALUES ('M (0,3; 1,3)', 'manual', ST_SetSRID(ST_MakePoint(101.0, 14.03), 4326), 216.00, 1.0, 0.0, 'CH_035', 'CH_037');
INSERT INTO gravity.gates (gate_id, gate_type, location, elevation, max_opening, current_opening, upstream_channel_id, downstream_channel_id) VALUES ('M (0,3; 1,1; 1,0)', 'manual', ST_SetSRID(ST_MakePoint(101.0, 14.03), 4326), 216.00, 1.0, 0.0, 'CH_037', 'CH_038');
INSERT INTO gravity.gates (gate_id, gate_type, location, elevation, max_opening, current_opening, upstream_channel_id, downstream_channel_id) VALUES ('M (0,3; 1,1; 1,1)', 'manual', ST_SetSRID(ST_MakePoint(101.0, 14.03), 4326), 216.00, 1.0, 0.0, 'CH_038', 'CH_039');
INSERT INTO gravity.gates (gate_id, gate_type, location, elevation, max_opening, current_opening, upstream_channel_id, downstream_channel_id) VALUES ('M (0,3; 1,1; 2,0)', 'manual', ST_SetSRID(ST_MakePoint(101.0, 14.03), 4326), 216.00, 1.0, 0.0, 'CH_039', 'CH_040');
INSERT INTO gravity.gates (gate_id, gate_type, location, elevation, max_opening, current_opening, upstream_channel_id, downstream_channel_id) VALUES ('M (0,3; 1,1; 2,1)', 'manual', ST_SetSRID(ST_MakePoint(101.0, 14.03), 4326), 216.00, 1.0, 0.0, 'CH_040', NULL);
INSERT INTO gravity.gates (gate_id, gate_type, location, elevation, max_opening, current_opening, upstream_channel_id, downstream_channel_id) VALUES ('M (0,12; 1,0)', 'automated', ST_SetSRID(ST_MakePoint(101.0, 14.04), 4326), 216.00, 1.0, 0.0, 'CH_041', 'CH_042');
INSERT INTO gravity.gates (gate_id, gate_type, location, elevation, max_opening, current_opening, upstream_channel_id, downstream_channel_id) VALUES ('M (0,12; 1,1)', 'automated', ST_SetSRID(ST_MakePoint(101.0, 14.04), 4326), 216.00, 1.0, 0.0, 'CH_042', 'CH_044');
INSERT INTO gravity.gates (gate_id, gate_type, location, elevation, max_opening, current_opening, upstream_channel_id, downstream_channel_id) VALUES ('M (0,12; 1,2)', 'automated', ST_SetSRID(ST_MakePoint(101.0, 14.04), 4326), 216.00, 1.0, 0.0, 'CH_044', 'CH_046');
INSERT INTO gravity.gates (gate_id, gate_type, location, elevation, max_opening, current_opening, upstream_channel_id, downstream_channel_id) VALUES ('M (0,12; 1,3)', 'automated', ST_SetSRID(ST_MakePoint(101.0, 14.05), 4326), 216.00, 1.0, 0.0, 'CH_046', 'CH_048');
INSERT INTO gravity.gates (gate_id, gate_type, location, elevation, max_opening, current_opening, upstream_channel_id, downstream_channel_id) VALUES ('M (0,12; 1,4)', 'automated', ST_SetSRID(ST_MakePoint(101.0, 14.05), 4326), 216.00, 1.0, 0.0, 'CH_048', 'CH_050');
INSERT INTO gravity.gates (gate_id, gate_type, location, elevation, max_opening, current_opening, upstream_channel_id, downstream_channel_id) VALUES ('M (0,12; 1,5)', 'manual', ST_SetSRID(ST_MakePoint(101.0, 14.05), 4326), 216.00, 1.0, 0.0, 'CH_050', 'CH_052');
INSERT INTO gravity.gates (gate_id, gate_type, location, elevation, max_opening, current_opening, upstream_channel_id, downstream_channel_id) VALUES ('M (0,12; 1,0; 1,0)', 'automated', ST_SetSRID(ST_MakePoint(101.0, 14.04), 4326), 216.00, 1.0, 0.0, 'CH_052', 'CH_053');
INSERT INTO gravity.gates (gate_id, gate_type, location, elevation, max_opening, current_opening, upstream_channel_id, downstream_channel_id) VALUES ('M (0,12; 1,0; 1,1)', 'automated', ST_SetSRID(ST_MakePoint(101.0, 14.04), 4326), 216.00, 1.0, 0.0, 'CH_053', 'CH_054');
INSERT INTO gravity.gates (gate_id, gate_type, location, elevation, max_opening, current_opening, upstream_channel_id, downstream_channel_id) VALUES ('M (0,12; 1,1; 1,0)', 'automated', ST_SetSRID(ST_MakePoint(101.0, 14.04), 4326), 216.00, 1.0, 0.0, 'CH_054', 'CH_055');
INSERT INTO gravity.gates (gate_id, gate_type, location, elevation, max_opening, current_opening, upstream_channel_id, downstream_channel_id) VALUES ('M (0,12; 1,1; 1,1)', 'automated', ST_SetSRID(ST_MakePoint(101.0, 14.04), 4326), 216.00, 1.0, 0.0, 'CH_055', 'CH_056');
INSERT INTO gravity.gates (gate_id, gate_type, location, elevation, max_opening, current_opening, upstream_channel_id, downstream_channel_id) VALUES ('M (0,12; 1,1; 1,2)', 'automated', ST_SetSRID(ST_MakePoint(101.0, 14.04), 4326), 216.00, 1.0, 0.0, 'CH_056', 'CH_057');
INSERT INTO gravity.gates (gate_id, gate_type, location, elevation, max_opening, current_opening, upstream_channel_id, downstream_channel_id) VALUES ('M (0,12; 1,1; 1,0; 1,0)', 'automated', ST_SetSRID(ST_MakePoint(101.0, 14.04), 4326), 216.00, 1.0, 0.0, 'CH_057', 'CH_058');
INSERT INTO gravity.gates (gate_id, gate_type, location, elevation, max_opening, current_opening, upstream_channel_id, downstream_channel_id) VALUES ('M (0,12; 1,1; 1,0; 1,1)', 'automated', ST_SetSRID(ST_MakePoint(101.0, 14.04), 4326), 216.00, 1.0, 0.0, 'CH_058', 'CH_059');
INSERT INTO gravity.gates (gate_id, gate_type, location, elevation, max_opening, current_opening, upstream_channel_id, downstream_channel_id) VALUES ('M (0,12; 1,1; 1,0; 1,2)', 'automated', ST_SetSRID(ST_MakePoint(101.0, 14.04), 4326), 216.00, 1.0, 0.0, 'CH_059', 'CH_060');
INSERT INTO gravity.gates (gate_id, gate_type, location, elevation, max_opening, current_opening, upstream_channel_id, downstream_channel_id) VALUES ('M (0,12; 1,2; 1,0)', 'automated', ST_SetSRID(ST_MakePoint(101.0, 14.05), 4326), 216.00, 1.0, 0.0, 'CH_060', 'CH_061');
INSERT INTO gravity.gates (gate_id, gate_type, location, elevation, max_opening, current_opening, upstream_channel_id, downstream_channel_id) VALUES ('M (0,12; 1,2; 1,1)', 'automated', ST_SetSRID(ST_MakePoint(101.0, 14.05), 4326), 216.00, 1.0, 0.0, 'CH_061', 'CH_062');
INSERT INTO gravity.gates (gate_id, gate_type, location, elevation, max_opening, current_opening, upstream_channel_id, downstream_channel_id) VALUES ('M (0,12; 1,2; 1,2)', 'automated', ST_SetSRID(ST_MakePoint(101.0, 14.05), 4326), 216.00, 1.0, 0.0, 'CH_062', 'CH_063');
INSERT INTO gravity.gates (gate_id, gate_type, location, elevation, max_opening, current_opening, upstream_channel_id, downstream_channel_id) VALUES ('M (0,12; 1,2; 1,0; 1,0)', 'automated', ST_SetSRID(ST_MakePoint(101.0, 14.05), 4326), 216.00, 1.0, 0.0, 'CH_063', 'CH_064');
INSERT INTO gravity.gates (gate_id, gate_type, location, elevation, max_opening, current_opening, upstream_channel_id, downstream_channel_id) VALUES ('M (0,12; 1,2; 1,0; 1,1)', 'automated', ST_SetSRID(ST_MakePoint(101.0, 14.05), 4326), 216.00, 1.0, 0.0, 'CH_064', 'CH_065');
INSERT INTO gravity.gates (gate_id, gate_type, location, elevation, max_opening, current_opening, upstream_channel_id, downstream_channel_id) VALUES ('M (0,12; 1,3; 1,0)', 'automated', ST_SetSRID(ST_MakePoint(101.0, 14.05), 4326), 216.00, 1.0, 0.0, 'CH_065', 'CH_066');
INSERT INTO gravity.gates (gate_id, gate_type, location, elevation, max_opening, current_opening, upstream_channel_id, downstream_channel_id) VALUES ('M (0,12; 1,3; 1,1)', 'automated', ST_SetSRID(ST_MakePoint(101.0, 14.05), 4326), 216.00, 1.0, 0.0, 'CH_066', 'CH_067');
INSERT INTO gravity.gates (gate_id, gate_type, location, elevation, max_opening, current_opening, upstream_channel_id, downstream_channel_id) VALUES ('M (0,12; 1,4; 1,0)', 'manual', ST_SetSRID(ST_MakePoint(101.0, 14.05), 4326), 216.00, 1.0, 0.0, 'CH_067', 'CH_068');
INSERT INTO gravity.gates (gate_id, gate_type, location, elevation, max_opening, current_opening, upstream_channel_id, downstream_channel_id) VALUES ('M (0,12; 1,4; 1,1)', 'manual', ST_SetSRID(ST_MakePoint(101.0, 14.05), 4326), 216.00, 1.0, 0.0, 'CH_068', NULL);

-- Insert zones
INSERT INTO gravity.zones (zone_id, name, min_elevation, max_elevation, area_hectares, boundary) VALUES ('zone_1', 'Irrigation Zone 1', 216.80, 218.00, 2000, ST_SetSRID(ST_MakePolygon(ST_MakeLine(ARRAY[ST_MakePoint(101.0, 14.0), ST_MakePoint(101.1, 14.0), ST_MakePoint(101.1, 14.1), ST_MakePoint(101.0, 14.1), ST_MakePoint(101.0, 14.0)])), 4326));
INSERT INTO gravity.zones (zone_id, name, min_elevation, max_elevation, area_hectares, boundary) VALUES ('zone_2', 'Irrigation Zone 2', 216.00, 217.00, 3000, ST_SetSRID(ST_MakePolygon(ST_MakeLine(ARRAY[ST_MakePoint(101.0, 14.0), ST_MakePoint(101.1, 14.0), ST_MakePoint(101.1, 14.1), ST_MakePoint(101.0, 14.1), ST_MakePoint(101.0, 14.0)])), 4326));
INSERT INTO gravity.zones (zone_id, name, min_elevation, max_elevation, area_hectares, boundary) VALUES ('zone_3', 'Irrigation Zone 3', 214.00, 215.00, 1500, ST_SetSRID(ST_MakePolygon(ST_MakeLine(ARRAY[ST_MakePoint(101.0, 14.0), ST_MakePoint(101.1, 14.0), ST_MakePoint(101.1, 14.1), ST_MakePoint(101.0, 14.1), ST_MakePoint(101.0, 14.0)])), 4326));
INSERT INTO gravity.zones (zone_id, name, min_elevation, max_elevation, area_hectares, boundary) VALUES ('zone_4', 'Irrigation Zone 4', 213.50, 214.50, 1500, ST_SetSRID(ST_MakePolygon(ST_MakeLine(ARRAY[ST_MakePoint(101.0, 14.0), ST_MakePoint(101.1, 14.0), ST_MakePoint(101.1, 14.1), ST_MakePoint(101.0, 14.1), ST_MakePoint(101.0, 14.0)])), 4326));
INSERT INTO gravity.zones (zone_id, name, min_elevation, max_elevation, area_hectares, boundary) VALUES ('zone_5', 'Irrigation Zone 5', 215.50, 216.50, 1500, ST_SetSRID(ST_MakePolygon(ST_MakeLine(ARRAY[ST_MakePoint(101.0, 14.0), ST_MakePoint(101.1, 14.0), ST_MakePoint(101.1, 14.1), ST_MakePoint(101.0, 14.1), ST_MakePoint(101.0, 14.0)])), 4326));
INSERT INTO gravity.zones (zone_id, name, min_elevation, max_elevation, area_hectares, boundary) VALUES ('zone_6', 'Irrigation Zone 6', 215.00, 216.00, 1500, ST_SetSRID(ST_MakePolygon(ST_MakeLine(ARRAY[ST_MakePoint(101.0, 14.0), ST_MakePoint(101.1, 14.0), ST_MakePoint(101.1, 14.1), ST_MakePoint(101.0, 14.1), ST_MakePoint(101.0, 14.0)])), 4326));

-- Add source connections
-- Connect source reservoir to outlet gate
INSERT INTO gravity.channels (channel_id, name, channel_type, upstream_gate_id, total_length, avg_bed_slope, capacity, geometry) VALUES ('CH_000', 'Source to Outlet Channel', 'main', NULL, 300.0, 0.01, 11.2, ST_SetSRID(ST_MakeLine(ST_MakePoint(101.0, 14.0), ST_MakePoint(101.0, 14.01)), 4326));

COMMIT;